mol,sn,Mult,eV,nm,f,orb,tdmx,tdmy,tdmz,dips,tvdmx,tvdmy,tvdmz,dipsv,tmdmx,tmdmy,tmdmz,rotxx,rotyy,rotzz,R,EMangle,rotlxx,rotlyy,rotlzz,Rl
hod0001,1,Singlet,2.8054,441.95,0.0195,H-L:0.87;H1-L:0.036,0.0021,0.5287,-0.0691,0.2843,-0.0007,-0.0539,0.0039,0.0029,-0.1862,-0.1470,-0.0984,25.6711,-2.9298,29.8533,17.5315,56.49,0.2826,54.9480,-4.8053,16.8084
hod0002,1,Singlet,2.5705,482.33,0.0221,H-L:0.835;H2-L:0.073,-0.2856,0.5197,-0.0040,0.3517,0.0257,-0.0499,-0.0015,0.0032,-0.2352,-0.3232,0.1414,51.2005,-14.2200,36.8457,24.6087,65.52,-47.4948,118.7948,0.4006,23.9002
hod0003,1,Singlet,2.4673,502.51,0.0063,H-L:0.933,0.2295,-0.2278,0.0211,0.1050,-0.0192,0.0201,0.0010,0.0008,0.1426,0.0052,-0.0868,-2.5552,-8.6628,-10.0154,-7.0778,125.91,-23.1398,0.8401,1.2943,-7.0018
hod0004,1,Singlet,2.2343,554.91,0.0055,H-L:0.933,0.2719,-0.1581,-0.0308,0.0998,-0.0218,0.0140,-0.0008,0.0007,0.0181,-0.0152,-0.2498,1.5776,-1.3896,-3.7057,-1.1726,93.61,-3.4782,-1.6951,-5.4314,-3.5349
hod0005,1,Singlet,2.3304,532.04,0.0077,H-L:0.888;H3-L:0.041,-0.0036,0.3637,-0.0414,0.1340,0.0005,-0.0306,0.0066,0.0010,0.0841,-0.0987,0.0023,12.5986,3.1590,9.6489,8.4689,40.71,0.2126,25.3904,0.0682,8.5571
hod0006,1,Singlet,2.6347,470.57,0.0047,H-L:0.869;H1-L:0.071,-0.1004,0.2490,-0.0203,0.0725,0.0093,-0.0238,-0.0007,0.0007,-0.0890,-0.0646,0.0906,2.3792,-1.5376,3.8946,1.5787,79.74,-6.3217,11.3772,1.2980,2.1178
hod0007,1,Singlet,2.2677,546.75,0.0058,H-L:0.938;H-L1:0.03,0.0849,-0.3101,-0.0288,0.1042,-0.0059,0.0260,0.0048,0.0007,0.0323,0.2759,-0.1120,23.9603,-4.8365,35.5354,18.2197,37.50,-1.9385,60.5044,-2.2777,18.7627
hod0008,1,Singlet,2.542,487.74,0.0134,H-L:0.906;H-L1:0.027,-0.3186,-0.3356,0.0225,0.2147,0.0298,0.0308,0.0015,0.0018,0.1920,-0.0194,-0.0007,-2.6596,23.2208,18.2514,12.9375,51.74,43.2563,-4.6109,0.0108,12.8854
hod0009,1,Singlet,2.6576,466.53,0.0132,H-L:0.876;H-L1:0.037,-0.0786,-0.4436,-0.0125,0.2032,0.0072,0.0433,-0.0019,0.0019,-0.1482,0.2451,0.0828,33.6489,-1.6884,35.9358,22.6321,44.29,-8.2402,76.9025,0.7347,23.1323
hod0010,1,Singlet,2.7003,459.15,0.0091,H-L:0.812;H1-L:0.074,0.0113,-0.3715,0.0060,0.1381,-0.0002,0.0351,0.0023,0.0012,0.1194,0.1518,0.1668,17.6511,1.8021,20.9990,13.4840,50.73,-0.9545,39.8813,-0.7061,12.7402
hod0011,1,Singlet,2.2211,558.2,0.0086,H-L:0.959,0.2165,0.3169,-0.1018,0.1576,-0.0169,-0.0261,0.0053,0.0010,-0.1084,-0.0300,-0.2500,1.5897,-0.1054,9.7833,3.7559,81.36,16.5938,6.7204,-17.9919,1.7741
hod0012,1,Singlet,2.3194,534.55,0.0093,H-L:0.867;H3-L:0.052,0.2414,0.3182,-0.0675,0.1640,-0.0208,-0.0260,0.0084,0.0012,-0.2071,-0.0099,-0.0044,1.3823,19.7594,16.4537,12.5318,50.46,35.3515,2.2384,-0.2123,12.4592
hod0013,1,Singlet,2.6516,467.59,0.0453,H-L:0.887;H-L1:0.027,0.4127,0.7101,-0.1491,0.6968,-0.0391,-0.0689,0.0123,0.0064,-0.2228,0.0347,-0.4045,5.0773,1.6489,3.0546,3.2603,87.92,65.0144,-17.4467,-42.6434,1.6415
hod0014,1,Singlet,2.8932,428.54,0.006,H-L:0.921,-0.0539,0.2847,0.0249,0.0846,0.0051,-0.0298,-0.0050,0.0009,-0.0389,-0.1698,0.0253,14.0992,-0.3609,17.7725,10.5036,28.68,-1.4848,34.1833,-0.4445,10.7514
hod0015,1,Singlet,2.7187,456.03,0.0146,H-L:0.913;H-L1:0.036,0.0207,0.4649,-0.0449,0.2186,-0.0022,-0.0457,0.0015,0.0021,-0.1467,-0.0243,-0.2548,7.2381,-1.1305,1.3573,2.4883,85.52,2.1447,7.9876,-8.0911,0.6804
hod0016,1,Singlet,2.8041,442.16,0.0132,H-L:0.692;H1-L:0.196,-0.2097,0.3773,-0.0747,0.1919,0.0234,-0.0379,0.0043,0.0020,0.3398,0.0315,0.0940,-2.0621,19.7443,31.5283,16.4035,63.10,50.3897,-8.4173,4.9621,15.6448
hod0017,1,Singlet,2.4889,498.14,0.007,H-L:0.935,0.1808,-0.2841,-0.0385,0.1149,-0.0154,0.0252,-0.0001,0.0009,0.1035,0.1202,-0.0703,7.2894,-5.1899,9.0143,3.7046,73.72,-13.2348,24.1465,-1.9128,2.9996
hod0018,1,Singlet,2.6762,463.29,0.0208,H-L:0.825;H1-L:0.047,0.2788,0.4887,0.0312,0.3176,-0.0256,-0.0475,-0.0058,0.0029,-0.0359,-0.2063,-0.1043,39.3539,5.2926,36.7447,27.1304,26.94,7.0761,71.3152,2.3012,26.8975
hod0019,1,Singlet,2.4073,515.03,0.0405,H2-L:0.468;H1-L:0.377,0.1339,-0.8044,0.1498,0.6874,-0.0115,0.0716,-0.0099,0.0054,-0.1953,-0.0246,0.3713,-3.9918,-5.7565,-15.6623,-8.4702,95.93,18.4977,-13.9802,-39.3195,-11.6007
hod0020,1,Singlet,2.5659,483.2,0.0064,H-L:0.887;H-L1:0.043,-0.1171,-0.2930,0.0489,0.1019,0.0115,0.0275,-0.0006,0.0009,-0.0722,0.1856,0.0556,16.3263,-3.2205,18.7001,10.6020,46.59,-5.9797,38.4598,-1.9257,10.1848
hod0021,1,Singlet,1.6028,773.55,0.0034,H1-L:0.932;H3-L:0.024,0.2843,0.0677,-0.0089,0.0855,-0.0156,-0.0059,-0.0024,0.0003,0.0303,0.0436,-0.1546,0.6594,-1.3904,-3.6020,-1.4443,97.55,-6.0877,-2.0897,-0.9760,-3.0511
hod0022,1,Singlet,2.5326,489.56,0.0098,H-L:0.831;H-L1:0.06,-0.1112,-0.3807,0.0348,0.1585,0.0101,0.0352,-0.0055,0.0014,-0.1924,0.4023,0.2884,37.7993,-9.2263,52.4124,26.9951,57.22,-15.1281,108.3075,-7.0979,28.6938
hod0023,1,Singlet,2.3161,535.32,0.0382,H-L:0.927,0.6733,-0.4690,0.0071,0.6734,-0.0577,0.0383,-0.0036,0.0048,0.0341,0.0074,-0.4996,20.0491,1.8926,-21.0177,0.3080,89.82,-16.2324,2.4662,2.4977,-3.7562
hod0024,1,Singlet,2.6214,472.97,0.0238,H-L:0.783;H1-L:0.062,0.2239,0.5566,-0.1006,0.3700,-0.0224,-0.0527,0.0068,0.0033,-0.3611,-0.0918,-0.1281,18.7965,16.0573,53.5392,29.4644,57.99,57.1877,36.1199,-9.1113,28.0654
hod0025,1,Singlet,2.6682,464.67,0.0174,H-L:0.793;H1-L:0.124,0.1310,-0.4996,-0.0115,0.2669,-0.0118,0.0482,-0.0029,0.0025,0.0298,0.3712,0.1784,51.1713,-1.8426,73.5950,40.9746,33.94,-2.7627,131.1539,1.4551,43.2821
hod0026,1,Singlet,2.4928,497.38,0.0199,H-L:0.875;H1-L:0.048,-0.2257,0.5201,-0.0670,0.3259,0.0203,-0.0486,0.0092,0.0029,0.0529,-0.3532,-0.1291,53.2157,4.1277,74.2600,43.8678,32.89,8.4383,129.9213,-6.1209,44.0796
hod0027,1,Singlet,2.7519,450.54,0.0142,H-L:0.781;H2-L:0.082,-0.2792,0.3584,-0.0635,0.2104,0.0270,-0.0365,0.0035,0.0021,-0.1950,-0.2862,0.0055,30.7657,-19.1837,24.7926,12.1249,70.74,-38.4905,72.5392,0.2474,11.4320
hod0028,1,Singlet,2.8061,441.85,0.0243,H-L:0.879;H1-L:0.028,-0.2941,0.5151,-0.0412,0.3535,0.0291,-0.0539,0.0065,0.0038,0.2262,-0.3873,-0.1256,58.0196,21.1471,103.5518,60.9062,21.77,47.0480,141.0845,-3.6603,61.4908
hod0029,1,Singlet,3.004,412.74,0.0404,H-L:0.788;H5-L:0.065,0.0594,0.7320,-0.0969,0.5488,-0.0079,-0.0791,0.0077,0.0064,-0.5412,-0.1121,0.2219,26.4634,9.4889,59.1789,31.7104,71.81,22.7450,58.0252,15.2107,31.9936
hod0030,1,Singlet,2.5568,484.93,0.0329,H-L:0.866;H-L1:0.086,0.5232,0.5001,-0.0391,0.5253,-0.0487,-0.0465,-0.0003,0.0045,-0.0435,0.0601,-0.2053,0.4240,6.4947,-11.5742,-1.5519,92.41,16.1006,-21.2397,-5.6757,-3.6050
hod0031,1,Singlet,2.7184,456.1,0.0281,H1-L:0.706;H-L:0.187,-0.1887,-0.6102,0.1180,0.4219,0.0192,0.0610,-0.0085,0.0042,0.2420,0.0219,0.3503,10.5317,4.1082,6.6553,7.0984,83.72,32.2946,9.4576,-29.2255,4.1756
hod0032,1,Singlet,2.4393,508.27,0.0147,H-L:0.929;H-L1:0.02,0.1452,0.4731,0.0361,0.2463,-0.0122,-0.0419,-0.0055,0.0019,-0.0800,-0.0619,-0.2246,20.1695,6.7599,11.0473,12.6589,63.64,8.2127,20.7278,5.7331,11.5578
hod0033,1,Singlet,2.367,523.81,0.0149,H-L:0.918;H1-L1:0.023,0.2028,0.4601,-0.0630,0.2568,-0.0163,-0.0399,0.0024,0.0019,-0.0824,-0.2117,0.0610,29.5864,4.0376,47.0698,26.8979,11.94,11.8075,68.8829,2.7177,27.8027
hod0034,1,Singlet,2.329,532.35,0.0071,H-L:0.888;H-L1:0.054,-0.2438,0.2376,0.0878,0.1236,0.0218,-0.0219,-0.0058,0.0010,0.0540,0.0081,0.1556,-0.2769,-1.0342,2.0977,0.2622,90.00,9.3139,-1.3622,-9.6654,-0.5712
hod0035,1,Singlet,2.7278,454.52,0.0192,H-L:0.902;H-L1:0.027,0.3545,0.3643,-0.1682,0.2867,-0.0363,-0.0365,0.0148,0.0029,-0.1794,0.0568,-0.3202,-7.2669,-3.9546,8.9825,-0.7463,90.91,44.9633,-14.6442,-38.0768,-2.5859
hod0036,1,Singlet,2.798,443.11,0.0355,H1-L:0.707;H-L:0.16,0.6516,0.2878,0.1029,0.5181,-0.0667,-0.0296,-0.0078,0.0054,-0.0800,0.0667,0.3588,-3.6857,16.6557,-9.0455,1.3082,88.81,36.8669,-13.5847,-26.0972,-0.9383
hod0037,1,Singlet,2.6099,475.06,0.0149,H-L:0.864;H-L1:0.064,0.4687,0.0978,0.0601,0.2328,-0.0432,-0.0084,-0.0084,0.0020,-0.3480,0.3845,0.1712,-12.9844,44.7632,44.8783,25.5524,64.87,115.3348,-26.5800,-7.2720,27.1609
hod0038,1,Singlet,2.6694,464.47,0.0389,H-L:0.797;H-L1:0.14,0.4641,0.6035,-0.1259,0.5955,-0.0457,-0.0584,0.0092,0.0056,-0.2733,0.0737,-0.5630,-11.8617,26.0346,7.5591,7.2440,86.33,89.7016,-31.4340,-50.1172,2.7168
hod0039,1,Singlet,2.6927,460.45,0.0135,H-L:0.834;H-L1:0.063,-0.4500,0.0420,0.0077,0.2043,0.0444,-0.0052,-0.0040,0.0020,0.1318,-0.1459,0.0529,1.9936,19.8414,23.8417,15.2255,45.56,41.9298,4.3375,-0.2862,15.3270
hod0040,1,Singlet,2.5552,485.23,0.0075,H1-L:0.946,0.2099,-0.2670,-0.0642,0.1195,-0.0210,0.0256,0.0020,0.0011,-0.1069,-0.0957,-0.1976,-9.2285,4.3433,0.3565,-1.5096,94.26,15.8706,-18.0686,-8.9786,-3.7255
hod0041,1,Singlet,2.4858,498.77,0.0208,H1-L:0.488;H-L:0.422,0.4538,-0.3675,0.0308,0.3419,-0.0405,0.0325,0.0004,0.0027,0.1538,0.2310,-0.0995,17.5590,-14.9666,6.8520,3.1482,85.43,-49.3593,60.0307,2.1684,4.2799
hod0042,1,Singlet,2.24,553.49,0.0121,H-L:0.882;H1-L:0.041,-0.3138,-0.3501,-0.0011,0.2211,0.0258,0.0295,-0.0024,0.0015,-0.1375,0.2280,0.3924,15.7173,-12.7863,16.1750,6.3687,83.13,-30.5100,56.4632,0.2915,8.7482
hod0043,1,Singlet,2.9082,426.33,0.0198,H1-L:0.622;H-L:0.229,0.5157,-0.0746,0.0785,0.2777,-0.0571,0.0079,-0.0055,0.0034,-0.1835,0.2338,0.1028,1.0754,28.1298,48.5930,25.9327,49.80,66.9041,12.3324,-5.7046,24.5106
hod0044,1,Singlet,2.5543,485.39,0.0245,H-L:0.778;H2-L:0.085,0.0299,-0.6179,-0.0974,0.3922,-0.0024,0.0592,0.0058,0.0035,-0.2825,0.0820,-0.0390,17.4832,-3.1155,25.6631,13.3436,72.51,5.9764,35.8492,-2.6886,13.0456
hod0045,1,Singlet,2.4189,512.57,0.006,H-L:0.92;H-L1:0.025,0.1350,0.2868,-0.0200,0.1009,-0.0125,-0.0245,-0.0006,0.0008,-0.0557,0.0269,-0.2942,2.1495,2.7987,-3.3706,0.5258,88.62,5.3195,-5.4660,-4.1640,-1.4368
hod0046,1,Singlet,2.2809,543.58,0.0132,H-L:0.943,0.3130,-0.3678,-0.0504,0.2357,-0.0263,0.0301,0.0016,0.0016,0.0027,0.0312,-0.3298,6.9378,-3.6516,-0.3569,0.9764,88.50,-0.5898,8.1267,-11.7453,-1.4028
hod0047,1,Singlet,1.9518,635.23,0.0065,H-L:0.949,0.3520,-0.1081,0.0211,0.1361,-0.0242,0.0077,0.0010,0.0006,0.0058,0.2643,0.0189,7.3222,2.5005,8.9958,6.2729,73.51,-1.4439,20.2113,-0.2824,6.1617
hod0048,1,Singlet,2.8351,437.32,0.0213,H1-L:0.716;H1-L1:0.117,0.5440,0.0739,0.0737,0.3068,-0.0552,-0.0097,-0.0075,0.0032,0.2400,-0.3974,-0.4061,12.9412,-46.2640,-9.8279,-14.3835,100.50,-92.3296,20.7755,21.1620,-16.7974
hod0049,1,Singlet,2.5932,478.11,0.0237,H-L:0.475;H1-L:0.183,-0.3355,-0.5037,-0.0796,0.3726,0.0317,0.0470,0.0041,0.0032,-0.1832,0.4242,0.1893,66.6926,-15.3323,59.2133,36.8579,58.33,-43.4547,151.1261,10.6627,39.4447
hod0050,1,Singlet,2.6011,476.66,0.0206,H1-L:0.918,0.3349,-0.4527,-0.0755,0.3228,-0.0325,0.0437,0.0047,0.0030,-0.1956,0.0018,-0.1582,4.6350,16.0099,21.4175,14.0208,65.57,46.3278,0.5872,-8.4520,12.8210
hod0051,1,Singlet,2.5449,487.18,0.047,H-L:0.838;H-L1:0.07,0.0913,0.8545,-0.1221,0.7534,-0.0093,-0.0781,0.0086,0.0063,0.1905,-0.1621,-0.2696,52.7886,-7.3882,19.4913,21.6306,72.85,-12.3005,97.9224,-23.2922,20.7766
hod0052,1,Singlet,2.2806,543.64,0.0014,H-L:0.908;H2-L:0.036,-0.0315,-0.1545,0.0013,0.0249,0.0034,0.0129,0.0029,0.0002,0.0222,-0.0137,0.0661,-0.2539,1.2969,-0.2871,0.2520,90.00,0.4942,-1.4923,-0.0590,-0.3524
hod0053,1,Singlet,2.755,450.04,0.0146,H-L:0.745;H1-L:0.133,0.1974,-0.4209,-0.0033,0.2162,-0.0205,0.0421,0.0025,0.0022,0.0514,0.4357,0.1218,61.7501,3.6555,57.6358,41.0138,34.47,-7.1812,129.6913,0.2830,40.9310
hod0054,1,Singlet,2.6462,468.53,0.0091,H-L:0.795;H-L1:0.149,-0.2767,0.2228,0.1222,0.1411,0.0261,-0.0208,-0.0080,0.0012,0.1275,0.0461,0.1826,-3.9661,3.4864,7.1028,2.2077,83.31,24.9454,-7.2576,-15.7793,0.6362
hod0055,1,Singlet,3.0999,399.96,0.0113,H-L:0.652;H2-L:0.178,-0.0543,0.3764,-0.0610,0.1484,0.0046,-0.0431,0.0029,0.0019,-0.0827,-0.1720,0.1840,14.9495,1.7074,30.2881,15.6483,48.91,-3.1752,45.7925,7.9381,16.8518
hod0056,1,Singlet,2.5531,485.62,0.0228,H-L:0.91;H1-L:0.026,0.1748,-0.5526,-0.1685,0.3643,-0.0166,0.0512,0.0129,0.0031,-0.2179,0.1239,-0.2605,20.5887,-7.7057,36.9119,16.5983,70.71,26.9336,48.4249,-31.0502,14.7694
hod0057,1,Singlet,2.4856,498.8,0.0664,H-L:0.817;H-L1:0.061,-0.4562,-0.9303,0.1274,1.0899,0.0419,0.0857,-0.0096,0.0092,-0.2616,0.2640,0.1897,98.3073,-38.4930,16.4636,25.4260,75.74,-84.3726,173.6749,-17.0933,24.0697
hod0058,1,Singlet,2.6702,464.32,0.0489,H-L:0.443;H1-L:0.281,0.4536,-0.7357,-0.0010,0.7469,-0.0450,0.0712,-0.0021,0.0071,-0.0352,0.2792,-0.1469,78.2284,12.6788,65.9287,52.2786,35.48,11.3029,145.2472,-0.1057,52.1482
hod0059,1,Singlet,2.0772,596.89,0.0112,H-L:0.932,0.2512,0.3972,-0.0063,0.2209,-0.0192,-0.0296,-0.0022,0.0013,0.1335,-0.0990,-0.4643,25.3649,-8.8436,-3.8888,4.2108,85.52,-23.7142,27.8088,-2.0644,0.6767
hod0060,1,Singlet,2.6509,467.71,0.0274,H1-L:0.602;H-L:0.186,-0.6271,0.1207,-0.1190,0.4220,0.0615,-0.0127,0.0086,0.0040,0.1662,0.0928,-0.1457,-1.9527,34.9701,23.5419,18.8531,59.17,73.6957,-7.9188,-12.2626,17.8381
hod0061,1,Singlet,2.965,418.16,0.015,H-L:0.919,0.2396,0.3765,-0.0889,0.2071,-0.0263,-0.0407,0.0065,0.0024,-0.2201,-0.0033,-0.2267,3.3045,7.3785,18.1194,9.6008,73.31,37.3041,0.8851,-14.2522,7.9790
hod0062,1,Singlet,2.6786,462.87,0.0236,H-L:0.77;H1-L:0.082,0.4400,0.3930,-0.1063,0.3593,-0.0416,-0.0390,0.0071,0.0033,-0.0518,0.0513,-0.2052,-3.2606,-5.9429,-0.1658,-3.1231,95.98,16.1123,-14.2571,-15.4213,-4.5220
hod0063,1,Singlet,2.9591,418.99,0.0216,H-L:0.758;H3-L:0.068,-0.1613,0.5206,0.0326,0.2981,0.0150,-0.0562,-0.0011,0.0034,-0.1455,-0.3314,-0.0679,53.1506,-4.0656,58.3371,35.8074,39.54,-16.5963,122.0327,1.5662,35.6675
hod0064,1,Singlet,2.2462,551.96,0.0112,H-L:0.823;H3-L:0.081,0.2685,0.3620,0.0216,0.2036,-0.0220,-0.0293,0.0003,0.0013,0.1907,-0.2617,-0.3380,26.3881,-14.9494,17.6082,9.6823,78.60,-36.2075,67.0036,5.1585,11.9849
hod0065,1,Singlet,2.4143,513.54,0.0085,H1-L:0.844;H-L:0.048,-0.2773,0.2573,0.0022,0.1431,0.0242,-0.0245,0.0027,0.0012,0.1593,-0.4585,-0.3544,31.7855,8.0161,73.0129,37.6048,47.00,31.2429,83.4109,0.5494,38.4011
hod0066,1,Singlet,2.3486,527.91,0.0079,H-L:0.84;H1-L:0.092,0.0476,0.3673,0.0114,0.1373,-0.0036,-0.0304,-0.0036,0.0009,-0.0595,-0.2367,-0.1552,37.4347,1.9946,25.8373,21.7556,26.58,2.0010,61.4946,1.2487,21.5814
hod0067,1,Singlet,2.413,513.82,0.0064,H-L:0.85;H2-L:0.075,-0.2100,0.2532,-0.0089,0.1083,0.0188,-0.0222,-0.0024,0.0009,-0.0617,-0.2153,0.0989,13.3309,-1.0759,14.7789,9.0113,61.70,-9.1552,38.5579,0.6252,10.0093
hod0068,1,Singlet,2.6956,459.96,0.0076,H-L:0.844;H2-L1:0.045,-0.0539,-0.3300,0.0501,0.1143,0.0054,0.0335,-0.0024,0.0012,-0.0704,0.3705,-0.2864,31.4241,0.8290,58.3995,30.2175,37.94,-2.6825,86.4690,10.1419,31.3095
hod0069,1,Singlet,2.4996,496.02,0.032,H1-L:0.313;H-L:0.307,-0.6335,0.3454,0.0351,0.5218,0.0599,-0.0338,-0.0005,0.0047,0.2048,0.0438,0.1011,5.0075,52.2903,25.2241,27.5073,47.89,91.7278,-10.7095,-2.5075,26.1703
hod0070,1,Singlet,2.7574,449.65,0.0057,H-L:0.785;H1-L:0.102,-0.0545,-0.2848,-0.0234,0.0846,0.0058,0.0287,0.0055,0.0009,0.0844,0.3633,-0.1095,28.6760,-1.1791,44.6322,24.0430,26.97,3.2514,73.1760,-1.8152,24.8707
hod0071,1,Singlet,2.7868,444.9,0.0228,H-L:0.848;H1-L:0.063,-0.3150,0.4827,0.0417,0.3340,0.0310,-0.0502,-0.0062,0.0035,-0.2614,-0.4491,0.3725,51.8420,-32.8260,64.8963,27.9708,71.31,-58.2171,153.2911,-10.9933,28.0269
hod0072,1,Singlet,2.8749,431.26,0.0379,H1-L:0.558;H3-L:0.191,0.0223,0.7310,0.0513,0.5376,-0.0035,-0.0762,-0.0033,0.0058,-0.1709,-0.2477,0.4480,78.5560,-2.9907,44.7914,40.1189,64.14,2.6923,128.0481,-16.2637,38.1589
hod0073,1,Singlet,2.5595,484.41,0.021,H-L:0.922;H1-L:0.025,0.2872,-0.4328,-0.2559,0.3353,-0.0265,0.0413,0.0215,0.0029,-0.2208,-0.0135,-0.2816,-4.7814,-6.8218,5.8969,-1.9021,92.27,44.8269,-4.1449,-50.9695,-3.4292
hod0074,1,Singlet,2.0787,596.46,0.0022,H-L:0.918,0.0413,-0.2047,0.0068,0.0437,-0.0028,0.0167,-0.0044,0.0003,0.0158,0.0266,-0.0596,2.5720,1.4124,2.1178,2.0341,55.89,-0.4613,3.8544,0.2870,1.2267
hod0075,1,Singlet,2.5509,486.04,0.0078,H1-L:0.382;H-L:0.339,-0.1558,-0.3098,-0.0702,0.1251,0.0152,0.0305,0.0043,0.0012,-0.0919,0.1443,0.1419,11.9210,-2.6418,18.0552,9.1115,61.66,-10.1215,31.6003,7.0424,9.5071
hod0076,1,Singlet,2.1238,583.78,0.0099,H-L:0.576;H1-L:0.337,-0.1912,0.3823,-0.0921,0.1912,0.0139,-0.0283,0.0046,0.0010,-0.0946,-0.1130,-0.0518,9.0852,-9.6621,15.5167,4.9800,70.67,-12.7895,30.5607,-3.3689,4.8008
hod0077,1,Singlet,2.7088,457.71,0.0058,H-L:0.628;H1-L:0.199,0.0929,-0.2761,-0.0470,0.0871,-0.0092,0.0278,0.0003,0.0009,0.1276,0.0792,-0.1428,3.4165,-3.9091,7.4839,2.3304,80.68,-8.3786,15.4755,-4.7463,0.7835
hod0078,1,Singlet,2.4956,496.81,0.0108,H-L:0.688;H1-L:0.242,0.1421,0.3924,-0.0525,0.1770,-0.0135,-0.0364,0.0013,0.0015,-0.1006,0.0115,-0.2615,1.8287,2.9407,-0.1420,1.5425,86.84,10.1081,-3.1913,-9.7071,-0.9301
hod0079,1,Singlet,2.5937,478.01,0.0051,H-L:0.888;H-L1:0.025,0.1184,0.2475,0.0709,0.0803,-0.0118,-0.0245,-0.0047,0.0008,0.1890,-0.3831,-0.6083,35.2765,5.4235,33.8814,24.8605,60.72,-15.8273,67.0474,30.4904,27.2368
hod0080,1,Singlet,2.5988,477.08,0.0149,H1-L:0.937,0.3040,-0.3639,-0.0955,0.2340,-0.0287,0.0354,0.0050,0.0021,0.1155,0.2152,0.0664,21.8039,-13.1363,25.6516,11.4397,66.45,-24.8312,55.3871,4.4806,11.6788
hod0081,1,Singlet,2.5372,488.66,0.0131,H-L:0.894;H3-L:0.038,-0.1501,-0.4325,-0.0208,0.2100,0.0124,0.0394,-0.0017,0.0017,-0.1294,0.2606,-0.0676,38.3171,-4.2072,32.5621,22.2240,44.64,-13.7387,79.7187,-0.9951,21.6616
hod0082,1,Singlet,2.8721,431.69,0.0482,H-L:0.617;H1-L:0.203,0.0456,0.8153,0.1325,0.6844,-0.0049,-0.0880,-0.0112,0.0079,0.2634,-0.0737,0.2601,31.6364,-19.1069,2.7855,5.1050,86.09,-8.4949,42.4992,-24.3668,3.2125
hod0083,1,Singlet,3.1563,392.82,0.0599,H2-L:0.342;H1-L:0.306,0.1143,-0.8585,-0.1581,0.7751,-0.0122,0.0991,0.0158,0.0102,0.3054,0.2218,-0.3325,77.1064,-39.7525,41.8842,26.4127,75.19,-24.6878,134.6230,-37.1775,24.2526
hod0084,1,Singlet,2.679,462.8,0.0601,H1-L:0.573;H-L:0.22,0.7946,-0.4842,-0.2240,0.9160,-0.0769,0.0474,0.0192,0.0085,-0.2555,-0.0678,-0.4491,3.2847,29.6217,23.3056,18.7374,80.64,143.5552,-23.2153,-71.1335,16.4021
hod0085,1,Singlet,2.8388,436.75,0.0375,H-L:0.582;H-L1:0.133,-0.7020,0.1616,0.1403,0.5386,0.0697,-0.0164,-0.0155,0.0054,-0.1038,-0.6886,0.0950,39.1417,1.5015,-23.1114,5.8439,87.12,-51.5366,78.6881,-9.4281,5.9078
hod0086,1,Singlet,2.5228,491.46,0.0146,H-L:0.805;H1-L:0.117,-0.0737,-0.4786,0.0363,0.2358,0.0076,0.0445,-0.0008,0.0020,0.1433,0.0807,0.1430,12.6675,2.1519,20.0022,11.6072,62.37,7.4680,27.3129,-3.6736,10.3691
hod0087,1,Singlet,3.0587,405.34,0.0182,H-L:0.517;H2-L:0.127,-0.4639,0.1416,-0.0864,0.2427,0.0535,-0.0152,0.0069,0.0031,0.2081,0.3521,0.0543,-17.8513,29.0862,27.4226,12.8858,74.60,68.2619,-35.2660,3.3180,12.1046
hod0088,1,Singlet,2.7368,453.03,0.0449,H-L:0.778;H2-L:0.046,0.1184,-0.7963,-0.1452,0.6692,-0.0123,0.0808,0.0124,0.0068,-0.3172,0.1027,-0.1279,33.7530,-3.9126,44.8262,24.8889,68.92,26.5554,57.8294,-13.1334,23.7505
hod0089,1,Singlet,2.5271,490.62,0.0056,H-L:0.926;H-L1:0.026,0.1399,-0.2619,-0.0468,0.0904,-0.0124,0.0232,0.0013,0.0007,-0.1345,0.0191,-0.1703,2.2091,4.6597,7.5567,4.8085,70.73,13.3012,3.5330,-5.6330,3.7337
hod0090,1,Singlet,2.5033,495.29,0.0069,H-L:0.568;H1-L:0.309,-0.0474,-0.3280,0.0542,0.1127,0.0051,0.0292,-0.0026,0.0009,0.0081,-0.0186,0.0461,-1.6632,-1.4728,-1.6362,-1.5907,114.48,0.2713,-4.3186,-1.7663,-1.9379
hod0091,1,Singlet,2.7682,447.89,0.0244,H-L:0.681;H3-L:0.095,-0.4439,0.4019,0.0245,0.3592,0.0487,-0.0404,-0.0053,0.0040,0.3068,0.0659,0.2880,-7.5861,37.6723,44.6056,24.8973,66.58,96.3215,-18.7400,-4.9992,24.1941
hod0092,1,Singlet,2.2028,562.86,0.0128,H-L:0.918;H2-L:0.021,0.3796,-0.3018,-0.0377,0.2366,-0.0299,0.0252,0.0048,0.0016,-0.0149,0.4770,-0.3185,33.6453,5.4071,56.4071,31.8198,61.07,4.0063,101.7893,-8.4876,32.4360
hod0093,1,Singlet,2.3876,519.28,0.008,H-L:0.826;H-L1:0.065,0.1296,0.3453,0.0223,0.1365,-0.0113,-0.0292,-0.0046,0.0010,-0.0234,-0.0828,-0.3060,18.5620,7.5141,6.8036,10.9599,66.05,2.1431,20.2267,4.8212,9.0637
hod0094,1,Singlet,2.1102,587.55,0.0063,H-L:0.954,-0.2555,0.2266,-0.0706,0.1216,0.0192,-0.0179,0.0027,0.0007,-0.1659,-0.1493,-0.0506,7.9538,-14.2196,0.3999,-1.9553,96.13,-29.9666,23.9228,-2.5271,-2.8570
hod0095,1,Singlet,2.4458,506.92,0.0199,H-L:0.917;H-L1:0.022,-0.1786,-0.5456,0.0560,0.3327,0.0156,0.0497,-0.0066,0.0028,-0.0254,0.3735,0.3984,54.0519,-8.8764,77.1356,40.7703,57.24,-3.2146,144.1073,-15.7788,41.7046
hod0096,1,Singlet,2.6024,476.42,0.0182,H-L:0.795;H1-L:0.113,-0.1716,0.4839,0.1496,0.2860,0.0155,-0.0446,-0.0115,0.0024,0.2115,-0.0675,0.1821,10.0855,-7.1494,28.0963,10.3441,72.50,25.6624,23.1140,-19.2710,9.8352
hod0097,1,Singlet,2.666,465.06,0.025,H1-L:0.582;H-L:0.3,0.3556,-0.5022,-0.0613,0.3824,-0.0349,0.0476,0.0021,0.0035,0.0080,0.4419,-0.0863,71.1425,-2.1754,79.4524,49.4732,39.37,-2.0180,156.9383,-3.7373,50.3943
hod0098,1,Singlet,2.6732,463.81,0.0108,H1-L:0.527;H-L:0.348,0.0848,0.3838,-0.1045,0.1654,-0.0078,-0.0369,0.0088,0.0015,-0.0981,0.0370,-0.2279,-7.9467,-8.7652,-2.0102,-6.2407,105.52,5.8834,-10.0347,-16.8395,-6.9969
hod0099,1,Singlet,2.6714,464.11,0.0056,H-L:0.84;H3-L:0.049,0.2231,0.1891,-0.0277,0.0863,-0.0213,-0.0184,-0.0019,0.0008,0.0370,-0.4729,0.2641,24.8796,-5.5145,33.9334,17.7662,61.09,-5.8362,63.2520,5.1658,20.8605
hod0100,1,Singlet,2.6632,465.55,0.0168,H1-L:0.525;H-L:0.375,0.0993,-0.4858,-0.1097,0.2579,-0.0087,0.0481,0.0085,0.0025,-0.1829,0.2087,-0.1152,35.7868,-3.4447,44.5664,25.6361,44.40,12.8434,71.6954,-8.9408,25.1994
hod0101,1,Singlet,2.4791,500.11,0.0042,H-L:0.911;H-L1:0.037,-0.0088,-0.2620,0.0210,0.0691,0.0015,0.0230,0.0014,0.0005,0.1331,0.0148,-0.0614,-1.2804,0.7228,4.0285,1.1570,82.44,0.8301,2.7434,0.9117,1.4951
hod0102,1,Singlet,2.9615,418.65,0.0636,H-L:0.772;H1-L1:0.081,0.8419,-0.3838,0.1427,0.8764,-0.0924,0.0415,-0.0128,0.0104,-0.0441,0.0403,0.2728,-16.8679,34.2056,-2.6240,4.9046,85.44,26.2676,10.9300,-27.5207,3.2256
hod0103,1,Singlet,2.7575,449.63,0.017,H1-L:0.526;H-L:0.333,-0.0709,-0.4906,-0.0754,0.2514,0.0061,0.0492,0.0051,0.0025,-0.1304,0.2287,-0.0263,35.5132,-5.0888,41.6528,24.0257,38.45,-6.5355,79.3400,-1.4017,23.8009
hod0104,1,Singlet,2.4288,510.47,0.0297,H-L:0.914;H-L1:0.026,0.2601,-0.6563,-0.0150,0.4986,-0.0210,0.0590,-0.0009,0.0039,-0.1525,0.3016,-0.0787,64.6365,12.0222,90.3214,55.6600,14.23,28.0489,139.9682,-0.8366,55.7268
hod0105,1,Singlet,2.7517,450.58,0.0063,H-L:0.865;H2-L:0.051,0.1984,-0.2292,-0.0318,0.0929,-0.0193,0.0229,0.0008,0.0009,0.1094,0.2379,-0.0201,18.3936,-7.6392,12.5205,7.7583,64.98,-15.3507,38.5596,-0.4530,7.5853
hod0106,1,Singlet,2.4429,507.52,0.0139,H-L:0.831;H1-L:0.044,0.4397,0.1979,-0.0110,0.2326,-0.0399,-0.0179,0.0045,0.0019,-0.2364,0.0747,-0.2339,-7.9356,23.5055,39.8109,18.4603,62.00,73.5109,-10.4527,-1.8231,20.4117
hod0107,1,Singlet,2.4756,500.82,0.0155,H-L:0.86;H1-L:0.047,-0.0731,0.4962,0.0629,0.2555,0.0062,-0.0455,-0.0081,0.0022,-0.0737,-0.0678,0.0709,13.3036,3.4889,-0.8875,5.3017,69.03,-3.8104,23.7808,-3.1559,5.6048
hod0108,1,Singlet,2.3587,525.64,0.0033,H-L:0.91;H2-L:0.032,-0.0387,-0.2232,-0.0709,0.0564,0.0026,0.0193,0.0032,0.0004,-0.0887,0.0640,0.0433,2.3332,-0.4336,7.3706,3.0900,60.61,-2.4266,10.1036,2.1720,3.2830
hod0109,1,Singlet,2.5578,484.73,0.013,H-L:0.67;H1-L:0.192,0.1371,0.4219,-0.1065,0.2081,-0.0146,-0.0397,0.0059,0.0018,-0.1726,-0.2183,-0.0189,27.3738,5.2388,50.6444,27.7523,21.62,16.7304,65.1155,-1.4222,26.8079
hod0110,1,Singlet,3.1348,395.51,0.01,H-L:0.835;H2-L:0.036,0.2081,-0.2934,-0.0134,0.1296,-0.0238,0.0352,-0.0014,0.0018,0.1673,0.1964,-0.1314,23.1593,-12.5748,8.5925,6.3923,75.30,-24.6157,40.7605,-1.2420,4.9676
hod0111,1,Singlet,2.4162,513.15,0.0093,H-L:0.941,0.3032,0.2553,0.0057,0.1572,-0.0269,-0.0239,-0.0025,0.0013,-0.0213,-0.2971,0.2847,20.1226,-7.8284,43.2730,18.5224,62.00,4.5742,53.6514,-1.1560,19.0232
hod0112,1,Singlet,2.5149,493.0,0.034,H-L:0.614;H1-L:0.273,0.5365,-0.4994,-0.1212,0.5519,-0.0487,0.0459,0.0083,0.0046,-0.1508,0.1260,-0.3904,25.4934,14.6871,35.3747,25.1851,70.44,57.2234,44.4899,-33.4557,22.7525
hod0113,1,Singlet,2.4426,507.59,0.0153,H-L:0.602;H1-L:0.31,0.2422,-0.4436,0.0238,0.2561,-0.0213,0.0387,0.0010,0.0019,0.0697,0.3064,0.0227,40.1786,-2.6849,44.2992,27.2643,41.71,-11.9407,96.1122,-0.3814,27.9301
hod0114,1,Singlet,2.3378,530.35,0.0093,H-L:0.93,-0.3834,-0.1213,0.0290,0.1625,0.0314,0.0103,-0.0000,0.0011,0.0076,0.2812,-0.1470,7.7865,1.8245,16.2117,8.6076,72.57,2.0666,24.1140,3.0132,9.7313
hod0115,1,Singlet,2.5019,495.56,0.0112,H-L:0.883;H-L1:0.062,0.3303,0.2725,0.0144,0.1835,-0.0323,-0.0232,-0.0044,0.0016,-0.1659,-0.2309,0.0038,15.3193,16.3063,50.5749,27.4002,19.91,38.7352,44.4976,-0.0382,27.7315
hod0116,1,Singlet,2.2408,553.3,0.0206,H-L:0.716;H1-L:0.09,0.4493,-0.4140,-0.0522,0.3760,-0.0373,0.0346,0.0019,0.0026,-0.1759,-0.0089,-0.0652,6.4129,26.5309,19.7229,17.5555,50.13,55.8922,-2.6053,-2.4045,16.9608
hod0117,1,Singlet,2.4641,503.16,0.048,H-L:0.85;H-L1:0.038,0.4902,-0.7277,-0.1584,0.7949,-0.0435,0.0653,0.0126,0.0063,-0.1512,0.0421,-0.4313,24.7437,-8.6721,14.2685,10.1133,83.89,52.4039,21.6768,-48.3054,8.5918
hod0118,1,Singlet,2.8118,440.95,0.0243,H1-L:0.471;H-L:0.335,0.3596,-0.4684,-0.0681,0.3533,-0.0359,0.0488,0.0051,0.0037,0.1985,0.4724,0.1839,59.3036,-17.0562,73.1844,38.4773,59.36,-50.4894,156.4636,8.8532,38.2758
hod0119,1,Singlet,2.3218,533.99,0.0067,H-L:0.898;H-L1:0.03,-0.1600,0.2929,0.0776,0.1174,0.0120,-0.0250,-0.0095,0.0009,-0.2714,-0.2047,-0.0103,24.2390,-9.6612,1.7299,5.4359,78.61,-30.7142,42.4036,0.5673,4.0855
hod0120,1,Singlet,2.4922,497.49,0.0126,H-L:0.809;H1-L:0.12,0.1471,-0.4122,-0.1249,0.2071,-0.0127,0.0369,0.0086,0.0016,-0.1050,0.1654,-0.3135,21.7905,-8.1060,22.9183,12.2009,71.30,10.9226,48.2041,-27.6821,10.4815
hod0121,1,Singlet,2.9598,418.9,0.0054,H-L:0.78;H1-L:0.131,0.1643,-0.2185,0.0008,0.0747,-0.0175,0.0234,0.0029,0.0009,0.0646,0.3024,0.0645,20.1178,-0.9014,20.5939,13.2701,48.67,-7.5095,46.7255,-0.0343,13.0605
hod0122,1,Singlet,2.4944,497.05,0.0068,H-L:0.727;H1-L:0.176,-0.0296,-0.3312,0.0150,0.1108,0.0028,0.0299,0.0012,0.0009,-0.0043,0.3638,0.1538,42.5439,0.4960,42.2587,28.4329,21.33,-0.0907,85.2066,-1.6351,27.8269
hod0123,1,Singlet,2.8556,434.18,0.0184,H-L:0.737;H-L1:0.158,0.0659,-0.4989,-0.0982,0.2628,-0.0069,0.0518,0.0077,0.0028,0.3245,0.3132,-0.2514,50.1174,-14.5236,45.4523,27.0154,63.82,-15.1132,110.4783,-17.4536,25.9705
hod0124,1,Singlet,2.1907,565.95,0.0107,H-L:0.808;H1-L:0.131,0.1299,0.4270,-0.0236,0.1997,-0.0109,-0.0331,-0.0011,0.0012,-0.1214,-0.0135,-0.2917,8.0778,7.6083,2.7687,6.1516,79.03,11.1491,4.0725,-4.8740,3.4492
hod0125,1,Singlet,2.5814,480.29,0.0265,H1-L:0.565;H-L:0.296,-0.1049,-0.6262,-0.1262,0.4190,0.0099,0.0595,0.0083,0.0037,-0.2260,0.1324,0.0668,24.3105,-10.3316,32.1431,15.3740,67.93,-16.7728,58.6429,5.9593,15.9432
hod0126,1,Singlet,2.6636,465.48,0.0062,H-L:0.771;H2-L:0.128,0.1929,-0.2349,-0.0569,0.0956,-0.0183,0.0237,0.0022,0.0009,-0.1546,0.2600,0.1928,18.7934,9.3170,39.8611,22.6572,29.12,21.0796,43.1918,7.7631,24.0115
hod0127,1,Singlet,2.461,503.8,0.0083,H-L:0.929,-0.0995,0.3560,-0.0413,0.1383,0.0072,-0.0323,0.0008,0.0011,0.0214,-0.1863,-0.0033,16.9989,1.3391,29.8591,16.0657,6.49,1.5046,46.8852,-0.0958,16.0980
hod0128,1,Singlet,2.7539,450.21,0.0255,H1-L:0.617;H-L:0.228,-0.3708,0.4905,-0.0138,0.3783,0.0393,-0.0496,0.0042,0.0040,-0.0548,-0.4496,-0.3430,63.5130,-11.4193,78.4050,43.4996,58.77,-14.3737,155.9685,-3.3401,46.0849
hod0129,1,Singlet,2.8408,436.43,0.0106,H-L:0.556;H1-L:0.258,-0.1429,-0.3618,-0.0309,0.1523,0.0160,0.0376,-0.0000,0.0017,0.1101,0.0119,-0.2384,6.5468,4.5581,3.9311,5.0120,78.08,11.1283,3.0532,-5.2145,2.9890
hod0130,1,Singlet,2.3268,532.84,0.0145,H-L:0.738;H2-L:0.181,0.2525,0.4324,-0.0539,0.2536,-0.0206,-0.0371,0.0077,0.0019,0.1683,-0.1547,-0.0742,23.0623,-11.3084,2.2975,4.6838,80.57,-30.0479,47.3115,-2.8285,4.8117
hod0131,1,Singlet,2.2418,553.05,0.0079,H-L:0.951,-0.1776,-0.3361,-0.0010,0.1445,0.0135,0.0265,0.0029,0.0009,0.0163,-0.0369,0.2186,0.9430,5.1085,-7.1089,-0.3525,91.06,2.0459,-8.7813,0.1532,-2.1940
hod0132,1,Singlet,2.3647,524.32,0.0103,H-L:0.937,0.1466,-0.3931,0.0494,0.1784,-0.0116,0.0335,-0.0011,0.0013,0.1855,0.1311,-0.2411,10.8227,-4.7239,14.3334,6.8108,77.65,-19.2309,36.4536,8.4204,8.5477
hod0133,1,Singlet,3.0086,412.1,0.0189,H1-L:0.364;H-L:0.33,0.1137,-0.4925,0.0236,0.2560,-0.0114,0.0552,0.0014,0.0032,0.1312,0.1317,-0.1785,12.9431,-2.9284,25.3740,11.7962,67.63,-10.5490,45.8648,2.9725,12.7627
hod0134,1,Singlet,2.5868,479.29,0.0208,H-L:0.805;H2-L:0.064,0.2596,-0.5010,0.0988,0.3282,-0.0235,0.0494,-0.0072,0.0030,0.2367,0.1852,-0.1230,31.5647,-17.8422,19.5336,11.0854,75.54,-43.4578,65.6073,8.6003,10.2500
hod0135,1,Singlet,2.8341,437.48,0.0294,H-L:0.794;H1-L:0.102,0.2067,0.6038,-0.1286,0.4238,-0.0225,-0.0641,0.0108,0.0047,-0.2758,0.0140,-0.0135,7.1188,2.1096,25.8250,11.6845,74.26,40.3219,-5.9675,-1.2298,11.0415
hod0136,1,Singlet,2.5566,484.96,0.0177,H-L:0.861;H-L1:0.057,0.2994,0.4396,0.0016,0.2828,-0.0277,-0.0408,-0.0031,0.0024,-0.0597,-0.0132,-0.1981,11.9301,6.7615,2.3893,7.0270,74.14,12.6484,4.0999,0.2245,5.6576
hod0137,1,Singlet,2.0793,596.29,0.0031,H-L:0.95,0.0056,0.2441,0.0336,0.0608,-0.0000,-0.0186,0.0007,0.0003,0.0346,-0.0172,-0.0064,-0.2849,0.2124,2.9722,0.9666,64.52,-0.1365,2.9667,0.1530,0.9944
hod0138,1,Singlet,2.6726,463.92,0.0052,H-L:0.851;H1-L:0.047,0.2590,0.1046,-0.0403,0.0797,-0.0261,-0.0095,0.0012,0.0008,-0.1688,-0.1686,0.1755,6.0478,10.7119,27.9702,14.9100,40.99,30.9167,12.4772,4.9981,16.1307
hod0139,1,Singlet,2.4328,509.64,0.0099,H-L:0.471;H1-L:0.39,-0.2142,-0.3394,0.0712,0.1661,0.0195,0.0301,-0.0041,0.0013,0.1775,0.1795,0.1494,27.3376,5.0093,32.8578,21.7349,38.89,26.8983,43.0877,-7.5210,20.8217
hod0140,1,Singlet,2.463,503.39,0.0112,H-L:0.883;H1-L:0.023,-0.2091,0.3739,0.0372,0.1849,0.0189,-0.0340,-0.0055,0.0015,-0.1046,-0.4378,0.3934,42.7805,-12.7753,53.7790,27.9281,62.80,-15.4614,115.7472,-10.3499,29.9786
hod0141,1,Singlet,2.6425,469.2,0.0134,H-L:0.721;H1-L:0.151,-0.0188,0.4485,-0.0708,0.2065,-0.0011,-0.0433,0.0034,0.0019,-0.1470,-0.0902,-0.1764,10.4097,-3.1806,18.0152,8.4147,71.15,-1.9514,28.6193,-8.8256,5.9474
hod0142,1,Singlet,2.7757,446.68,0.0164,H-L:0.573;H2-L:0.183,0.1252,-0.4734,-0.0337,0.2409,-0.0131,0.0487,0.0004,0.0025,0.2354,0.0917,-0.2605,16.4626,-9.4929,1.7750,2.9149,86.05,-20.8383,30.6826,-6.2058,1.2128
hod0143,1,Singlet,2.5717,482.11,0.0548,H-L:0.502;H1-L:0.363,0.6989,0.5855,-0.1978,0.8703,-0.0664,-0.0547,0.0151,0.0076,-0.3658,0.0854,-0.2878,-3.4932,58.8692,58.7439,38.0400,68.35,180.7855,-35.3438,-40.2427,35.0664
hod0144,1,Singlet,2.3565,526.14,0.0134,H-L:0.892;H2-L:0.03,-0.2725,-0.3972,0.0235,0.2326,0.0225,0.0334,0.0012,0.0016,0.0418,-0.0361,0.2734,3.5034,5.3203,-8.1962,0.2092,90.00,8.0621,-10.1307,-4.5525,-2.2070
hod0145,1,Singlet,2.3663,523.95,0.0115,H-L:0.871;H-L1:0.058,0.3007,-0.3224,-0.0572,0.1977,-0.0264,0.0283,0.0019,0.0015,-0.0825,0.0045,-0.1540,3.0000,5.6868,7.6709,5.4526,72.71,17.5529,1.0350,-6.2294,4.1195
hod0146,1,Singlet,2.0326,609.97,0.0056,H-L:0.955,-0.2592,-0.2117,0.0232,0.1125,0.0186,0.0163,-0.0051,0.0006,-0.0366,0.1253,0.0927,6.8146,-2.1462,3.7274,2.7986,77.30,-6.7007,18.7595,-1.5181,3.5136
hod0147,1,Singlet,3.0675,404.19,0.0126,H-L:0.668;H1-L:0.062,-0.0090,-0.4080,0.0387,0.1680,0.0012,0.0454,-0.0032,0.0021,0.2495,0.0376,0.2994,11.2128,-5.8596,1.2373,2.1968,86.62,1.5946,10.8614,-8.2018,1.4181
hod0148,1,Singlet,2.5986,477.11,0.0045,H-L:0.848;H1-L:0.093,0.0641,-0.2573,0.0206,0.0707,-0.0053,0.0253,0.0005,0.0007,0.0911,-0.0478,-0.0074,-3.9107,-1.6377,-7.0108,-4.1864,129.41,-4.1287,-8.6881,0.1079,-4.2363
hod0149,1,Singlet,2.8399,436.57,0.027,H1-L:0.64;H-L:0.201,0.2938,-0.5488,-0.0208,0.3880,-0.0301,0.0572,-0.0014,0.0042,0.1017,0.0909,-0.2545,16.1569,-3.4232,4.1242,5.6193,82.34,-21.1324,35.2896,-3.7512,3.4687
hod0150,1,Singlet,2.4922,497.49,0.0294,H-L:0.884;H2-L:0.031,-0.6543,-0.2131,0.0882,0.4813,0.0580,0.0212,-0.0054,0.0038,-0.0445,0.4639,-0.3360,30.5575,0.3498,39.2387,23.3820,75.22,-20.5896,69.9191,20.9489,23.4261
hod0151,1,Singlet,2.2177,559.06,0.0216,H-L:0.927,0.0097,-0.6166,0.1300,0.3971,-0.0001,0.0491,-0.0080,0.0025,-0.2425,0.1821,0.1827,34.2134,-9.1478,40.1031,21.7229,64.77,1.6715,79.3939,-16.7961,21.4231
hod0152,1,Singlet,2.6307,471.3,0.0156,H-L:0.831;H1-L:0.037,-0.4176,-0.2392,-0.1011,0.2419,0.0403,0.0231,0.0062,0.0022,-0.1319,0.3084,0.1575,18.2182,-16.1247,18.2844,6.7926,80.77,-38.9535,52.1678,11.2615,8.1586
hod0153,1,Singlet,2.6982,459.52,0.018,H-L:0.821;H1-L:0.087,0.3482,0.3855,0.0493,0.2723,-0.0340,-0.0385,-0.0067,0.0027,-0.2538,-0.4660,0.4628,46.1528,13.9498,107.3252,55.8092,49.95,62.4956,127.0359,-16.1472,57.7948
hod0154,1,Singlet,2.7084,457.78,0.0165,H-L:0.816;H1-L:0.1,-0.0749,0.4806,0.1095,0.2486,0.0077,-0.0471,-0.0077,0.0023,-0.1668,-0.2019,0.0451,28.2065,-4.4914,32.3511,18.6887,52.13,-8.8359,68.6264,-3.4882,18.7674
hod0155,1,Singlet,2.6176,473.65,0.0027,H-L:0.896;H-L1:0.028,-0.0291,-0.1999,-0.0377,0.0422,0.0025,0.0186,0.0007,0.0004,-0.1542,0.0303,0.0293,0.0686,-1.1165,2.4470,0.4663,86.36,-3.1712,4.2896,0.7807,0.6331
hod0156,1,Singlet,3.0132,411.47,0.032,H-L:0.388;H1-L:0.26,0.3833,-0.5239,-0.1095,0.4334,-0.0417,0.0577,0.0079,0.0051,0.1161,0.2539,-0.0979,26.2305,-12.4681,43.8756,19.2126,64.77,-31.4735,94.0588,-7.5804,18.3350
hod0157,1,Singlet,2.1977,564.16,0.0015,H-L:0.881;H1-L:0.076,-0.1280,0.1017,0.0165,0.0270,0.0088,-0.0089,0.0029,0.0002,-0.0078,-0.0821,-0.0080,2.3051,-0.2091,3.5153,1.8705,53.06,-0.7068,5.9037,0.0933,1.7634
hod0158,1,Singlet,2.0666,599.95,0.0025,H-L:0.875;H1-L:0.079,0.1474,0.1617,0.0456,0.0499,-0.0104,-0.0122,-0.0010,0.0003,0.0768,-0.1664,0.0437,8.5479,-4.2946,6.8609,3.7047,66.83,-8.0020,19.0324,-1.4097,3.2069
hod0159,1,Singlet,2.3751,522.03,0.0399,H-L:0.796;H1-L:0.133,0.1236,0.8099,0.1181,0.6852,-0.0118,-0.0691,-0.0073,0.0050,-0.1538,-0.1668,0.2910,43.3753,-5.3697,52.7866,30.2641,64.49,13.4483,95.5185,-24.3035,28.2211
hod0160,1,Singlet,2.8287,438.3,0.0149,H-L:0.834;H-L1:0.089,-0.2585,0.3823,0.0404,0.2146,0.0266,-0.0384,-0.0007,0.0022,-0.0039,-0.2051,0.1299,20.0495,-0.0749,32.2487,17.4077,47.41,-0.7201,55.4523,-3.7127,17.0065
hod0161,1,Singlet,2.2763,544.66,0.0231,H-L:0.83;H2-L:0.074,0.1315,0.6166,-0.1318,0.4149,-0.0100,-0.0505,0.0086,0.0027,-0.1998,-0.0914,-0.2334,20.5515,-8.0779,26.5280,13.0005,74.01,18.5856,39.8620,-21.7481,12.2332
hod0162,1,Singlet,2.7105,457.42,0.0091,H-L:0.89;H-L1:0.034,-0.0045,0.3618,-0.0793,0.1372,0.0010,-0.0356,0.0053,0.0013,-0.0585,-0.0375,-0.1358,2.7658,-5.0768,6.2540,1.3144,84.20,-0.1852,9.5922,-7.6180,0.5963
hod0163,1,Singlet,2.5869,479.28,0.0097,H-L:0.843;H-L1:0.068,-0.1228,-0.3687,0.0447,0.1531,0.0112,0.0336,-0.0014,0.0013,0.0908,0.1442,0.1340,20.1850,1.7941,20.2370,14.0720,42.46,7.8855,37.6036,-4.2378,13.7504
hod0164,1,Singlet,2.3402,529.81,0.0189,H-L:0.556;H1-L:0.356,-0.1474,-0.5551,0.0085,0.3300,0.0134,0.0474,0.0020,0.0024,0.1612,0.1136,0.2083,29.5466,9.4077,26.4270,21.7938,55.77,16.7928,44.5824,-1.2567,20.0395
hod0165,1,Singlet,2.6009,476.69,0.0226,H1-L:0.768;H-L:0.14,0.3572,0.4412,-0.1780,0.3540,-0.0336,-0.0427,0.0142,0.0032,-0.1543,-0.0231,-0.3743,-1.4557,-9.3178,17.2847,2.1704,87.79,38.9906,7.2187,-47.1129,-0.3012
hod0166,1,Singlet,2.2714,545.85,0.0078,H-L:0.899;H-L1:0.051,0.1736,-0.3294,-0.0320,0.1396,-0.0138,0.0280,-0.0008,0.0010,-0.0687,0.0697,-0.1491,9.8392,3.4747,12.2902,8.5347,57.18,8.4373,16.2458,-3.3704,7.1042
hod0167,1,Singlet,1.8349,675.69,0.003,H-L:0.92,-0.1167,0.2216,0.0557,0.0658,0.0076,-0.0157,-0.0002,0.0003,0.1174,-0.1107,-0.0840,7.6673,2.8230,17.2516,9.2473,33.57,9.6895,17.3483,3.3064,10.1147
hod0168,1,Singlet,2.4553,504.97,0.0033,H1-L:0.471;H-L:0.443,-0.0898,0.2127,0.0300,0.0542,0.0063,-0.0191,-0.0052,0.0004,-0.0567,-0.0036,-0.0144,-0.2497,0.6573,-2.0917,-0.5614,100.15,-3.5983,0.5358,0.3058,-0.9189
hod0169,1,Singlet,2.4074,515.01,0.0292,H1-L:0.427;H2-L:0.394,-0.0828,0.6944,-0.0778,0.4951,0.0071,-0.0611,0.0039,0.0038,-0.2375,-0.1130,0.0389,20.9560,-8.0020,29.9720,14.3087,70.88,-13.9073,55.4997,2.1429,14.5784
hod0170,1,Singlet,2.5589,484.53,0.0083,H-L:0.819;H-L1:0.127,-0.1007,0.3276,0.1255,0.1332,0.0081,-0.0301,-0.0075,0.0010,0.0945,-0.0364,0.1705,0.1548,-3.7355,7.9743,1.4645,84.74,6.7290,8.4426,-15.1335,0.0127
hod0171,1,Singlet,2.6239,472.51,0.005,H-L:0.927;H-L1:0.024,-0.1239,0.2354,-0.0883,0.0785,0.0101,-0.0224,0.0055,0.0006,-0.1506,-0.0603,-0.0331,1.5644,-7.9543,3.7988,-0.8637,94.85,-13.1931,10.0402,-2.0631,-1.7387
hod0172,1,Singlet,2.627,471.96,0.0097,H-L:0.627;H1-L:0.246,0.1707,-0.3365,0.0905,0.1506,-0.0160,0.0318,-0.0051,0.0013,0.1166,0.1959,-0.0214,17.5347,-6.5048,21.6638,10.8979,57.16,-14.0713,46.6291,1.3708,11.3096
hod0173,1,Singlet,2.3588,525.62,0.0123,H-L:0.872;H2-L:0.043,-0.3077,0.3422,-0.0354,0.2130,0.0277,-0.0309,0.0054,0.0017,0.1998,-0.0412,0.0826,9.2305,27.3206,22.6191,19.7234,37.99,43.4728,9.9731,2.0683,18.5047
hod0174,1,Singlet,2.3014,538.74,0.0083,H-L:0.869;H1-L:0.06,0.2230,0.3012,-0.0796,0.1468,-0.0175,-0.0261,0.0032,0.0010,-0.0503,-0.0012,-0.2271,0.3958,-0.4657,1.6608,0.5303,88.52,7.9299,0.2497,-12.7838,-1.5348
hod0175,1,Singlet,2.6231,472.66,0.0198,H-L:0.927,0.3513,0.4250,0.0631,0.3080,-0.0330,-0.0398,-0.0038,0.0027,0.2686,-0.2871,-0.2920,29.0534,-21.5762,19.4277,8.9683,81.70,-66.7394,86.2947,13.0292,10.8615
hod0176,1,Singlet,2.3478,528.08,0.0131,H-L:0.928,-0.3851,-0.2814,-0.0040,0.2275,0.0321,0.0248,0.0019,0.0016,0.0673,0.4883,-0.2124,40.2613,12.3422,60.8953,37.8329,50.54,18.3373,97.1813,-0.6027,38.3053
hod0177,1,Singlet,2.596,477.59,0.0175,H-L:0.819;H1-L:0.11,0.3821,0.3462,0.0986,0.2756,-0.0349,-0.0322,-0.0056,0.0023,0.1299,-0.2456,-0.1749,22.1937,-10.2179,20.3192,10.7650,73.87,-35.0892,60.1297,12.1970,12.4125
hod0178,1,Singlet,2.6038,476.18,0.0019,H-L:0.752;H1-L:0.155,0.0111,0.1677,0.0419,0.0300,-0.0015,-0.0165,-0.0028,0.0003,-0.0261,-0.0153,0.0638,-0.2309,0.0269,1.0163,0.2707,84.68,0.2046,1.8104,-1.8881,0.0423
hod0179,1,Singlet,2.4922,497.49,0.0281,H-L:0.894;H-L1:0.056,0.5523,0.3898,-0.0609,0.4607,-0.0509,-0.0352,0.0025,0.0038,-0.0788,0.0617,-0.4718,3.0553,2.5089,-0.3486,1.7385,88.70,30.7876,-17.0093,-20.3161,-2.1793
hod0180,1,Singlet,2.7424,452.09,0.0105,H-L:0.891;H1-L:0.044,-0.2034,0.3391,0.0179,0.1567,0.0192,-0.0340,0.0012,0.0015,-0.0552,-0.2435,0.2573,33.0488,-2.0039,21.7801,17.6083,57.46,-7.9363,58.3833,-3.2607,15.7288
hod0181,1,Singlet,2.5568,484.92,0.0202,H-L:0.715;H1-L:0.201,0.5531,-0.0975,0.0831,0.3223,-0.0504,0.0093,-0.0091,0.0027,0.0217,0.2544,0.2894,-0.8196,-2.7563,-6.8307,-3.4689,93.94,-8.4951,17.5498,-17.0111,-2.6521
hod0182,1,Singlet,2.587,479.26,0.0105,H-L:0.851;H-L1:0.046,0.2779,0.2936,-0.0540,0.1664,-0.0264,-0.0278,0.0012,0.0015,0.1808,-0.2845,0.3310,24.6315,-13.2719,14.8134,8.7243,78.80,-35.5328,59.0653,12.6451,12.0592
hod0183,1,Singlet,2.2688,546.46,0.005,H-L:0.715;H1-L:0.174,0.0096,-0.2891,-0.0783,0.0898,-0.0004,0.0235,0.0040,0.0006,-0.0490,0.1502,-0.0729,12.1590,-1.8376,17.3612,9.2275,38.13,0.3331,30.7108,-4.0331,9.0036
hod0184,1,Singlet,2.5784,480.87,0.0157,H-L:0.898;H-L1:0.027,0.3183,-0.3728,0.0935,0.2491,-0.0287,0.0357,-0.0061,0.0021,0.0918,0.3964,0.2161,36.1954,-13.0903,53.1632,25.4228,61.31,-20.6588,104.5026,-14.2903,23.1845
hod0185,1,Singlet,2.6695,464.45,0.0273,H-L:0.871;H-L1:0.061,0.4454,-0.4575,-0.1023,0.4181,-0.0439,0.0454,0.0075,0.0041,-0.2330,-0.0455,-0.1258,4.6801,22.9272,24.4459,17.3511,65.02,73.3845,-14.7143,-9.1014,16.5229
hod0186,1,Singlet,2.636,470.35,0.0103,H-L:0.908;H-L1:0.051,0.2016,0.3364,-0.0762,0.1596,-0.0201,-0.0312,0.0036,0.0014,-0.1369,-0.0848,-0.1924,7.2878,5.3511,21.7252,11.4547,59.84,19.5168,20.1673,-10.3690,9.7717
hod0187,1,Singlet,2.7007,459.08,0.0239,H2-L:0.5;H1-L:0.313,-0.1264,0.5799,0.0914,0.3606,0.0122,-0.0568,-0.0062,0.0034,-0.1174,-0.2196,0.3290,44.7065,-7.9851,27.2938,21.3384,68.10,-10.4864,90.0697,-21.2642,19.4397
hod0188,1,Singlet,2.4134,513.72,0.0229,H-L:0.833;H2-L:0.069,0.2245,0.5661,-0.1302,0.3879,-0.0189,-0.0512,0.0094,0.0031,-0.2231,-0.0374,-0.2308,20.1224,4.3210,7.1609,10.5348,77.19,35.4224,14.9601,-21.2485,9.7113
hod0189,1,Singlet,2.4637,503.25,0.0039,H-L:0.92;H-L1:0.023,0.0701,-0.2436,0.0202,0.0647,-0.0061,0.0224,0.0011,0.0005,0.0880,-0.0051,0.0434,-0.4451,-0.9865,-3.3137,-1.5818,105.40,-4.3620,-0.8794,-0.6205,-1.9539
hod0190,1,Singlet,1.9177,646.51,0.0022,H-L:0.965,0.1474,0.1598,-0.0209,0.0477,-0.0104,-0.0106,-0.0019,0.0002,0.0134,0.0338,-0.1725,-0.2173,0.6580,-2.0781,-0.5458,93.55,-1.3989,-3.8165,-2.5489,-2.5881
hod0191,1,Singlet,2.449,506.27,0.013,H-L:0.914;H1-L:0.025,0.0313,0.4507,-0.1138,0.2171,-0.0022,-0.0400,0.0068,0.0016,-0.1131,-0.0420,-0.2529,2.1821,-7.6729,7.1715,0.5602,88.92,2.5056,13.3887,-20.3590,-1.4882
hod0192,1,Singlet,1.9983,620.44,0.0034,H-L:0.952,-0.1300,-0.2211,0.0610,0.0695,0.0101,0.0164,-0.0005,0.0004,0.0521,-0.0662,0.1551,-4.5604,1.5977,-3.1805,-2.0477,100.80,4.7906,-10.3562,-6.6923,-4.0860
hod0193,1,Singlet,2.4588,504.24,0.0044,H-L:0.908;H-L1:0.054,0.2170,0.1477,0.0576,0.0722,-0.0190,-0.0145,-0.0025,0.0006,0.0955,-0.0701,-0.0544,2.8983,-7.8195,-0.3020,-1.7411,102.30,-14.6478,7.3221,2.2176,-1.7027
hod0194,1,Singlet,2.5661,483.16,0.0112,H-L:0.782;H4-L:0.05,0.1218,-0.4033,0.0172,0.1778,-0.0113,0.0388,-0.0005,0.0016,0.2112,0.2307,-0.3262,22.7187,-4.2538,31.9069,16.7906,68.41,-18.1831,65.8111,3.9669,17.1983
hod0195,1,Singlet,2.587,479.25,0.0244,H-L:0.868;H1-L:0.052,-0.5725,0.2365,-0.0240,0.3842,0.0516,-0.0233,0.0035,0.0032,-0.1170,-0.3709,-0.3582,21.5837,-19.5719,8.1233,3.3784,87.40,-47.3596,62.0238,-6.0794,2.8616
hod0196,1,Singlet,2.3781,521.36,0.0073,H-L:0.895;H1-L:0.031,0.2007,-0.2823,0.0773,0.1259,-0.0160,0.0251,-0.0035,0.0009,0.1294,0.1647,-0.0378,11.9828,-7.3750,13.1351,5.9143,69.91,-18.3702,32.8653,2.0653,5.5201
hod0197,1,Singlet,2.5364,488.82,0.0078,H-L:0.856;H1-L:0.077,-0.2382,-0.2396,-0.1051,0.1252,0.0226,0.0228,0.0071,0.0011,-0.0646,0.1484,0.1299,11.9041,-3.7136,13.4292,7.2066,65.32,-10.8825,25.1490,9.6538,7.9734
hod0198,1,Singlet,2.7234,455.26,0.0399,H-L:0.489;H2-L:0.316,-0.1414,0.7594,0.0341,0.5978,0.0141,-0.0769,-0.0012,0.0061,-0.0561,-0.1533,0.1188,55.7896,-0.0322,21.0031,25.5869,46.51,-5.6125,82.3447,-2.8624,24.6233
hod0199,1,Singlet,2.6015,476.58,0.014,H-L:0.902,0.0020,0.4685,0.0260,0.2202,-0.0007,-0.0443,-0.0059,0.0020,-0.0425,-0.2854,0.1664,39.7941,-3.2176,49.8949,28.8238,38.23,0.0610,94.5651,-3.0567,30.5231
hod0200,1,Singlet,2.8446,435.85,0.0094,H-L:0.89;H-L1:0.064,0.2829,0.2293,-0.0401,0.1342,-0.0300,-0.0231,0.0006,0.0014,-0.0271,0.0727,-0.1662,-3.6322,0.6313,-3.6038,-2.2016,98.08,5.4263,-11.7931,-4.7094,-3.6921
hod0201,1,Singlet,2.9735,416.97,0.0531,H-L:0.901,-0.1808,-0.8263,0.1137,0.7284,0.0196,0.0896,-0.0103,0.0085,0.3692,0.1012,0.3734,52.8471,2.4807,25.4583,26.9287,75.34,47.2052,59.1356,-30.0214,25.4398
hod0202,1,Singlet,2.9952,413.95,0.0061,H-L:0.813;H3-L:0.097,-0.2026,0.1995,-0.0481,0.0832,0.0220,-0.0239,0.0031,0.0011,-0.1276,-0.1423,0.1034,5.8940,-7.4338,7.4361,1.9654,82.57,-18.2780,20.0838,3.5153,1.7737
hod0203,1,Singlet,2.6626,465.64,0.0197,H-L:0.799;H1-L:0.148,-0.1478,-0.5262,-0.0626,0.3027,0.0148,0.0515,0.0042,0.0029,-0.2014,0.2338,0.1387,40.8020,-9.9740,38.8980,23.2420,57.98,-21.0415,86.9893,6.1377,24.0285
hod0204,1,Singlet,2.5008,495.78,0.0429,H-L:0.669;H1-L:0.115,0.2192,0.7798,-0.2085,0.6997,-0.0199,-0.0718,0.0173,0.0059,-0.3095,-0.0250,-0.2016,21.0295,-8.9787,22.3171,11.4560,80.93,47.9915,13.7697,-29.7385,10.6742
hod0205,1,Singlet,2.6835,462.03,0.0137,H-L:0.758;H-L1:0.061,-0.0025,0.4507,-0.0717,0.2083,0.0009,-0.0458,0.0040,0.0021,0.2987,-0.2342,0.1967,46.7112,3.1055,34.7897,28.2021,53.12,0.5358,74.6547,9.9738,28.3881
hod0206,1,Singlet,2.2467,551.84,0.0054,H-L:0.913;H-L1:0.034,-0.1760,0.2488,0.0675,0.0974,0.0133,-0.0198,-0.0075,0.0006,-0.0272,-0.4357,-0.2609,45.3461,10.6144,31.4897,29.1501,36.46,-3.3832,76.6420,12.4492,28.5693
hod0207,1,Singlet,2.5874,479.19,0.0102,H-L:0.75;H1-L:0.164,-0.0698,0.3953,-0.0005,0.1612,0.0051,-0.0372,-0.0027,0.0014,-0.1362,-0.1918,0.0021,22.9805,-0.5842,25.4875,15.9613,43.39,-6.7234,53.6161,0.0007,15.6311
hod0208,1,Singlet,2.8291,438.25,0.0117,H-L:0.858;H-L1:0.047,0.2198,-0.3261,-0.1200,0.1690,-0.0228,0.0342,0.0096,0.0018,-0.1714,-0.0018,-0.2402,-2.4693,2.2343,10.7809,3.5153,82.85,26.6327,-0.4110,-20.3909,1.9436
hod0209,1,Singlet,2.66,466.11,0.0107,H-L:0.83;H2-L:0.073,-0.1742,0.3634,0.0437,0.1643,0.0167,-0.0353,-0.0018,0.0015,-0.1671,-0.2940,0.1626,33.4518,-11.6617,30.9553,17.5818,60.22,-20.5819,75.5468,-5.0275,16.6458
hod0210,1,Singlet,2.1543,575.51,0.0119,H-L:0.942,0.1267,-0.4569,-0.0253,0.2255,-0.0081,0.0358,0.0002,0.0013,-0.2165,0.2707,-0.4180,46.1213,6.6269,48.7338,33.8273,55.26,19.3947,87.4770,-7.4772,33.1315
hod0211,1,Singlet,2.1178,585.43,0.0051,H-L:0.928,-0.1303,-0.2834,-0.0320,0.0983,0.0103,0.0228,0.0059,0.0007,0.0134,0.0523,0.0492,5.5897,3.2951,5.8151,4.9000,30.35,1.2333,10.4736,1.1146,4.2739
hod0212,1,Singlet,2.7279,454.5,0.0052,H-L:0.8;H-L1:0.062,0.0150,0.2743,-0.0424,0.0773,-0.0021,-0.0265,0.0019,0.0007,-0.3030,-0.2869,0.3463,23.2059,3.8037,35.8433,20.9510,52.00,3.2098,55.6529,10.3901,23.0842
hod0213,1,Singlet,2.756,449.87,0.0195,H-L:0.761;H3-L:0.068,-0.1278,0.5141,-0.0876,0.2884,0.0120,-0.0529,0.0103,0.0030,0.0064,-0.5961,-0.0816,105.7183,-2.5527,111.6956,71.6204,22.12,0.5798,216.7386,-5.0542,70.7547
hod0214,1,Singlet,2.6868,461.46,0.0229,H-L:0.806;H-L1:0.115,0.2010,0.5541,-0.0257,0.3481,-0.0190,-0.0534,0.0045,0.0032,0.3702,-0.3702,-0.6300,49.5433,-26.4582,47.6609,23.5820,77.75,-52.6190,145.0787,-11.4594,27.0001
hod0215,1,Singlet,2.8046,442.08,0.0085,H-L:0.92,-0.0957,-0.3393,0.0046,0.1243,0.0101,0.0359,0.0040,0.0014,-0.0141,0.2144,-0.0201,20.7510,-1.4443,31.9250,17.0772,22.59,-0.9549,51.4375,0.0660,16.8495
hod0216,1,Singlet,2.6685,464.62,0.0121,H-L:0.845;H2-L:0.042,0.0246,0.4216,-0.0782,0.1845,-0.0029,-0.0416,0.0047,0.0018,-0.2544,-0.2499,-0.2906,33.6808,-4.8857,41.6751,23.4901,59.58,4.4170,74.5074,-16.0724,20.9506
hod0217,1,Singlet,2.495,496.93,0.0098,H-L:0.928;H4-L:0.021,0.2404,0.3173,-0.0333,0.1596,-0.0230,-0.0282,0.0006,0.0013,-0.1120,0.0766,-0.3315,-1.3069,8.1506,-5.1247,0.5730,89.02,19.0442,-17.1824,-7.8085,-1.9822
hod0218,1,Singlet,2.7275,454.57,0.0147,H-L:0.701;H-L1:0.238,-0.0959,-0.4548,0.0590,0.2195,0.0094,0.0459,-0.0031,0.0022,0.1061,0.1684,0.0278,25.2422,-0.4322,36.1299,20.3133,23.67,7.1977,54.1727,-1.1587,20.0706
hod0219,1,Singlet,2.7126,457.06,0.0447,H1-L:0.383;H2-L:0.322,0.0626,-0.8077,0.1259,0.6722,-0.0044,0.0804,-0.0095,0.0066,-0.2684,0.2839,0.2187,85.0392,-6.7630,77.3613,51.8792,52.83,11.8890,162.1611,-19.4809,51.5231
hod0220,1,Singlet,2.5647,483.43,0.0083,H-L:0.926,-0.0498,0.3483,-0.0936,0.1325,0.0027,-0.0325,0.0038,0.0011,-0.1766,-0.0579,-0.0415,-0.9347,-5.2114,15.4579,3.1040,78.54,-6.2226,14.2666,-2.7449,1.7664
hod0221,1,Singlet,2.7215,455.57,0.0111,H-L:0.885;H1-L:0.04,-0.2014,0.3557,-0.0035,0.1671,0.0194,-0.0357,-0.0025,0.0017,-0.1531,-0.3414,0.1643,35.8404,-7.8699,34.4084,20.7930,57.98,-21.7992,85.8940,0.4091,21.5013
hod0222,1,Singlet,2.3881,519.18,0.0411,H-L:0.784;H2-L:0.074,0.7517,-0.3691,-0.0367,0.7026,-0.0663,0.0325,0.0007,0.0055,-0.1737,-0.1250,-0.4167,-2.1707,45.3819,14.4368,19.2160,78.07,92.3069,-32.6306,-10.8073,16.2897
hod0223,1,Singlet,2.5524,485.75,0.0081,H-L:0.848;H-L1:0.047,0.2951,-0.2042,0.0051,0.1288,-0.0262,0.0192,0.0019,0.0011,0.1262,0.1951,-0.1757,8.8785,-11.1981,3.2215,0.3006,89.28,-26.3335,28.1818,0.6373,0.8285
hod0224,1,Singlet,2.4675,502.47,0.0068,H-L:0.905;H1-L:0.032,-0.2299,-0.2410,0.0321,0.1120,0.0207,0.0210,-0.0006,0.0009,-0.0923,0.2869,-0.0923,22.0857,-5.6529,16.0858,10.8395,63.39,-15.0052,48.8993,2.0973,11.9971
hod0225,1,Singlet,2.9394,421.8,0.0352,H1-L:0.6;H-L:0.187,-0.1541,0.6769,0.0797,0.4883,0.0148,-0.0743,-0.0053,0.0058,-0.1117,-0.1837,-0.0215,38.5606,-4.1345,44.8261,26.4174,42.46,-12.1736,87.9309,1.2090,25.6554
hod0226,1,Singlet,2.3207,534.26,0.0132,H-L:0.917;H3-L:0.026,-0.3356,0.3430,0.0437,0.2322,0.0265,-0.0289,-0.0063,0.0016,-0.0416,-0.2742,-0.0896,30.4781,6.2717,24.4599,20.4032,50.32,-9.8748,66.5147,2.7666,19.8022
hod0227,1,Singlet,3.023,410.13,0.027,H-L:0.867;H-L1:0.057,0.1715,0.5777,0.0290,0.3640,-0.0192,-0.0627,-0.0006,0.0043,-0.2016,-0.0713,0.3279,27.4434,8.7070,15.6794,17.2766,71.51,24.4526,29.1438,-6.7308,15.6219
hod0228,1,Singlet,2.7999,442.82,0.0172,H-L:0.744;H-L1:0.166,-0.1956,0.4306,-0.1629,0.2503,0.0191,-0.0438,0.0138,0.0025,-0.1819,-0.1555,-0.0234,7.6602,-18.5246,31.6381,6.9246,75.36,-25.1655,47.3552,-2.6984,6.4971
hod0229,1,Singlet,2.5989,477.07,0.0192,H-L:0.692;H2-L:0.156,-0.0758,0.5182,-0.1635,0.3010,0.0067,-0.0499,0.0126,0.0027,0.2104,-0.1894,-0.1992,28.4652,0.0509,33.2938,20.6033,62.31,11.2731,69.3957,-23.0316,19.2124
hod0230,1,Singlet,2.9136,425.54,0.0252,H-L:0.752;H1-L:0.088,-0.1343,0.5775,0.0299,0.3524,0.0133,-0.0627,-0.0008,0.0041,0.0054,-0.5516,-0.3171,91.7786,1.8117,136.9827,76.8577,31.14,0.5166,225.2593,6.7042,77.4934
hod0231,1,Singlet,2.6019,476.52,0.007,H-L:0.947,-0.0770,0.3196,-0.0454,0.1101,0.0061,-0.0297,0.0013,0.0009,-0.1944,-0.0953,-0.0852,8.3679,-5.1881,8.1450,3.7749,77.49,-10.5841,21.5377,-2.7326,2.7403
hod0232,1,Singlet,2.3814,520.64,0.0041,H-L:0.913,0.0239,0.2556,-0.0639,0.0700,-0.0032,-0.0225,0.0023,0.0005,-0.1024,-0.0558,-0.0601,4.2684,-0.5265,7.8897,3.8772,61.23,1.7270,10.0795,-2.7137,3.0309
hod0233,1,Singlet,2.4493,506.2,0.0122,H-L:0.843;H-L1:0.07,-0.0282,0.4445,0.0667,0.2028,0.0028,-0.0399,-0.0025,0.0016,0.0643,-0.0544,0.0826,8.5901,-1.4410,9.6693,5.6061,63.11,1.2824,17.1095,-3.8950,4.8323
hod0234,1,Singlet,2.8038,442.2,0.0419,H-L:0.842;H2-L:0.038,0.0891,0.7656,0.1255,0.6098,-0.0082,-0.0781,-0.0106,0.0063,-0.1807,0.0044,0.4810,1.6333,-5.6011,-23.2806,-9.0828,95.59,11.3893,-2.3567,-42.7011,-11.2228
hod0235,1,Singlet,2.6008,476.71,0.0187,H-L:0.819;H6-L:0.039,0.3123,0.4409,-0.0301,0.2928,-0.0317,-0.0410,-0.0008,0.0027,-0.1677,0.0534,-0.2476,-4.4334,18.2579,10.9180,8.2475,77.74,37.0375,-16.6397,-5.2714,5.0421
hod0236,1,Singlet,2.6437,468.98,0.0121,H-L:0.895;H3-L:0.033,0.2348,0.3579,0.0625,0.1871,-0.0247,-0.0331,-0.0028,0.0017,-0.2539,-0.0200,0.0207,-1.4346,17.9187,33.5133,16.6658,49.50,42.1539,5.0611,-0.9145,15.4335
hod0237,1,Singlet,2.26,548.59,0.0061,H-L:0.89;H1-L:0.039,-0.0054,0.3295,-0.0367,0.1099,-0.0002,-0.0280,0.0006,0.0008,-0.0538,-0.0730,-0.1703,8.8935,-0.4756,8.2837,5.5672,68.74,-0.2051,16.9978,-4.4213,4.1238
hod0238,1,Singlet,2.2735,545.36,0.0076,H-L:0.924;H1-L:0.02,-0.1177,0.3493,0.0050,0.1359,0.0093,-0.0287,-0.0035,0.0009,0.0052,-0.2189,-0.0062,21.4896,1.8899,30.3181,17.8992,17.30,0.4322,54.0778,0.0218,18.1773
hod0239,1,Singlet,2.892,428.71,0.011,H-L:0.872;H2-L:0.028,-0.3251,0.2166,0.0496,0.1550,0.0342,-0.0228,-0.0038,0.0017,-0.1493,-0.1644,-0.1159,9.0702,-15.3098,0.1211,-2.0395,95.11,-34.3113,25.1727,4.0643,-1.6915
hod0240,1,Singlet,2.582,480.2,0.0106,H-L:0.892;H3-L:0.022,-0.1993,-0.3570,-0.0238,0.1677,0.0197,0.0324,0.0051,0.0015,0.1113,0.0920,-0.1230,8.2310,4.0142,21.6025,11.2826,51.29,15.6828,23.2312,-2.0659,12.2827
hod0241,1,Singlet,2.6855,461.68,0.0162,H-L:0.723;H2-L:0.102,-0.0221,0.4912,-0.0660,0.2461,0.0009,-0.0473,0.0039,0.0023,-0.1903,0.0801,-0.2706,-13.7727,-6.8305,-15.2271,-11.9435,108.03,-2.9717,-27.8082,-12.6328,-14.4709
hod0242,1,Singlet,2.9145,425.4,0.0095,H-L:0.868;H1-L:0.067,0.3161,0.1828,-0.0077,0.1334,-0.0334,-0.0192,0.0030,0.0015,-0.2200,0.1671,-0.1927,-16.6462,17.2216,22.8573,7.8109,74.17,49.1682,-21.6042,-1.0486,8.8385
hod0243,1,Singlet,2.5171,492.56,0.0076,H-L:0.857;H2-L:0.065,-0.0585,-0.3453,-0.0086,0.1227,0.0061,0.0324,0.0041,0.0011,0.1523,-0.0361,0.0924,-4.2666,7.3038,-1.9635,0.3579,88.67,6.3027,-8.8262,0.5636,-0.6533
hod0244,1,Singlet,2.2761,544.73,0.0037,H-L:0.911;H1-L:0.026,-0.0200,-0.2509,-0.0529,0.0661,0.0013,0.0208,0.0010,0.0004,-0.1422,0.0017,-0.0471,-1.4022,-1.2073,0.9817,-0.5426,93.53,-2.0067,0.3011,-1.7618,-1.1558
hod0245,1,Singlet,2.7337,453.55,0.0073,H-L:0.89;H-L1:0.044,0.1920,-0.2627,0.0558,0.1090,-0.0178,0.0259,-0.0029,0.0010,0.0771,0.2773,-0.0448,20.4750,-4.3561,25.7722,13.9637,49.72,-10.4704,51.5263,1.7695,14.2751
hod0246,1,Singlet,2.665,465.22,0.041,H1-L:0.692;H2-L:0.111,0.7447,0.2683,0.0339,0.6277,-0.0705,-0.0261,-0.0014,0.0056,-0.2532,0.1852,-0.1213,-8.0531,65.9082,37.3858,31.7470,58.54,133.3436,-35.1412,2.9028,33.7017
hod0247,1,Singlet,2.1623,573.4,0.0376,H-L:0.854;H1-L:0.079,0.5033,-0.6389,-0.2205,0.7102,-0.0378,0.0501,0.0148,0.0042,-0.1982,0.0353,-0.4514,4.6964,-0.7624,18.9070,7.6137,85.38,70.5327,15.9502,-70.3720,5.3703
hod0248,1,Singlet,2.8669,432.47,0.009,H-L:0.868;H-L1:0.041,0.2021,-0.2946,0.0183,0.1280,-0.0199,0.0301,0.0013,0.0013,0.1370,0.2552,-0.0874,19.9874,-8.6542,21.2025,10.8453,63.70,-19.5736,53.1790,1.1304,11.5786
hod0249,1,Singlet,2.4931,497.3,0.0343,H-L:0.676;H1-L:0.206,0.2614,0.7016,-0.0357,0.5619,-0.0247,-0.0638,0.0006,0.0047,-0.2605,-0.0650,-0.2417,31.6776,22.8973,25.8634,26.8128,65.04,48.1653,32.2276,-6.1007,24.7640
hod0250,1,Singlet,2.6664,464.98,0.0132,H-L:0.888;H1-L:0.047,-0.0239,0.4490,0.0246,0.2028,0.0004,-0.0441,0.0007,0.0019,-0.1581,-0.0878,0.1665,13.1187,0.3625,14.8410,9.4407,68.77,-2.6748,27.8664,-2.8975,7.4314
hod0251,1,Singlet,2.4571,504.59,0.0154,H-L:0.868;H-L1:0.033,-0.0676,-0.5005,0.0020,0.2551,0.0070,0.0454,0.0033,0.0021,0.2149,-0.0113,0.1937,0.7249,9.4923,2.5228,4.2466,83.00,10.2770,-3.9938,-0.2791,2.0014
hod0252,1,Singlet,2.2972,539.72,0.0064,H-L:0.908;H1-L:0.042,-0.1599,-0.2957,-0.0239,0.1136,0.0128,0.0248,0.0053,0.0008,0.0485,0.0038,0.1386,4.7468,6.3492,1.0177,4.0379,69.72,5.4879,0.7928,2.3383,2.8730
hod0253,1,Singlet,2.4907,497.79,0.0103,H-L:0.768;H1-L:0.147,0.2430,0.3220,-0.0793,0.1690,-0.0215,-0.0293,0.0041,0.0013,-0.0923,0.0959,-0.2474,-8.5804,3.1035,-8.7614,-4.7461,100.35,15.8575,-21.8443,-13.8704,-6.6191
hod0254,1,Singlet,2.4131,513.79,0.0068,H-L:0.87;H1-L:0.071,0.0862,0.3219,-0.0692,0.1158,-0.0087,-0.0274,0.0033,0.0008,-0.0932,-0.1038,-0.1784,10.8129,-0.7716,14.3097,8.1170,62.19,5.6842,23.6349,-8.7314,6.8626
hod0255,1,Singlet,2.4095,514.55,0.0183,H-L:0.565;H1-L:0.181,0.1519,-0.5253,-0.1056,0.3101,-0.0131,0.0470,0.0055,0.0024,-0.1240,0.0947,-0.2429,22.1888,-3.5910,19.3762,12.6580,70.42,13.3196,35.1756,-18.1379,10.1191
hod0256,1,Singlet,2.8783,430.75,0.0276,H-L:0.823;H-L1:0.035,0.1148,0.6139,-0.0314,0.3910,-0.0126,-0.0643,0.0008,0.0043,-0.2545,-0.2599,0.0650,56.0269,7.3576,70.0874,44.4907,34.45,20.6726,112.8379,1.4414,44.9840
hod0257,1,Singlet,2.3972,517.21,0.0125,H-L:0.887;H-L1:0.032,0.1346,-0.4389,-0.0456,0.2128,-0.0115,0.0392,0.0012,0.0017,-0.1674,0.0439,-0.0620,3.7803,4.6006,20.2537,9.5449,61.65,15.9396,13.6331,-1.9992,9.1912
hod0258,1,Singlet,2.5557,485.14,0.0198,H-L:0.879;H-L1:0.051,0.5605,-0.0117,-0.0437,0.3162,-0.0509,0.0012,0.0013,0.0026,-0.0108,0.3656,0.2827,1.5859,0.5822,7.9979,3.3886,86.71,4.2635,3.0358,8.7345,5.3446
hod0259,1,Singlet,2.563,483.74,0.0321,H-L:0.884;H-L1:0.024,0.3532,0.6211,0.0200,0.5109,-0.0353,-0.0574,-0.0043,0.0046,-0.0206,-0.0201,-0.4811,24.3205,6.7755,-1.4273,9.8896,83.02,5.1419,8.8502,6.8170,6.9364
hod0260,1,Singlet,1.7118,724.29,0.0034,H-L:0.931,0.0662,-0.2773,-0.0303,0.0822,-0.0033,0.0170,0.0056,0.0003,0.1061,0.2574,0.3187,34.1160,9.3468,21.6187,21.6938,41.18,-4.9677,50.4675,6.8392,17.4463
hod0261,1,Singlet,2.4644,503.1,0.0192,H-L:0.489;H1-L:0.408,-0.4662,0.3090,-0.0770,0.3187,0.0396,-0.0274,0.0097,0.0024,-0.0430,-0.3175,-0.0525,29.7006,0.8126,20.0843,16.8658,66.00,-14.1725,69.3788,-2.8602,17.4487
hod0262,1,Singlet,2.4682,502.33,0.0102,H-L:0.932,0.2915,-0.2898,0.0094,0.1690,-0.0240,0.0259,0.0019,0.0012,0.0994,0.2033,-0.1589,12.9593,-4.3115,11.5074,6.7184,74.65,-20.4841,41.6703,1.0554,7.4139
hod0263,1,Singlet,2.7331,453.65,0.0224,H1-L:0.869;H6-L:0.049,0.3582,0.4366,-0.1224,0.3339,-0.0355,-0.0437,0.0081,0.0032,-0.1430,0.0902,-0.3324,-13.0638,2.7105,-0.7255,-3.6929,94.25,36.2122,-27.8654,-28.7674,-6.8069
hod0264,1,Singlet,2.2957,540.07,0.0136,H-L:0.943,-0.2832,0.4026,0.0115,0.2424,0.0218,-0.0334,-0.0028,0.0016,-0.2191,-0.1852,0.1009,22.6416,-22.3569,9.1932,3.1593,84.66,-43.8831,52.7247,-0.8184,2.6744
hod0265,1,Singlet,2.8536,434.49,0.0261,H-L:0.658;H2-L:0.137,0.2320,0.5647,-0.0289,0.3735,-0.0236,-0.0598,0.0008,0.0041,-0.2141,-0.1266,-0.5562,53.2642,17.2926,11.6809,27.4126,71.88,35.1296,50.5691,-11.3542,24.7815
hod0266,1,Singlet,2.9745,416.83,0.013,H-L:0.844;H1-L:0.03,-0.2575,-0.3341,0.0326,0.1790,0.0269,0.0367,-0.0015,0.0021,-0.1344,0.3430,-0.0732,31.3508,-7.9064,35.3846,19.6097,57.90,-24.4759,81.0228,1.6861,19.4110
hod0267,1,Singlet,3.0727,403.5,0.0181,H-L:0.793;H1-L:0.098,-0.1526,0.4516,0.1142,0.2402,0.0171,-0.0508,-0.0106,0.0030,-0.1588,-0.4106,0.2347,52.8312,-12.8808,58.0162,32.6555,54.94,-17.1293,131.1143,-18.9640,31.6737
hod0268,1,Singlet,2.3918,518.36,0.0196,H-L:0.858;H2-L:0.074,-0.0284,0.5747,-0.0573,0.3344,0.0009,-0.0498,0.0023,0.0025,-0.2605,-0.0653,-0.0752,17.3561,-3.1811,8.6371,7.6040,78.24,-5.2295,26.5225,-3.0476,6.0818
hod0269,1,Singlet,2.7396,452.56,0.0122,H-L:0.841;H-L1:0.029,-0.2755,-0.3239,-0.0363,0.1822,0.0265,0.0333,0.0019,0.0018,-0.1504,0.3746,0.3204,35.3697,-7.6661,36.3504,21.3513,65.46,-29.2971,85.8000,8.2298,21.5775
hod0270,1,Singlet,2.6511,467.66,0.0091,H-L:0.851;H1-L:0.057,-0.0966,0.3603,0.0145,0.1393,0.0108,-0.0355,0.0012,0.0014,0.1825,-0.0961,-0.0319,9.5077,6.1461,23.1715,12.9418,46.41,12.4643,24.4954,0.3283,12.4293
hod0271,1,Singlet,2.4261,511.05,0.0233,H-L:0.897;H1-L:0.035,0.5470,0.2952,-0.0697,0.3912,-0.0479,-0.0251,0.0034,0.0029,-0.0506,0.0905,-0.3142,-4.8992,6.3418,-8.7001,-2.4192,92.93,19.5684,-18.8963,-15.4876,-4.9385
hod0272,1,Singlet,2.2352,554.7,0.0136,H-L:0.899;H2-L:0.035,-0.0778,-0.4914,0.0284,0.2483,0.0066,0.0396,0.0004,0.0016,0.0952,0.1576,0.1592,24.5740,1.5246,33.6443,19.9143,44.77,5.2373,54.7797,-3.1929,18.9414
hod0273,1,Singlet,2.4067,515.17,0.0122,H-L:0.881;H1-L1:0.022,-0.2260,0.3934,-0.0178,0.2061,0.0189,-0.0333,-0.0003,0.0015,-0.1010,-0.4522,0.3035,43.8365,-3.8086,64.5364,34.8548,51.97,-16.1369,125.8174,3.8109,37.8305
hod0274,1,Singlet,2.6971,459.69,0.0355,H-L:0.765;H1-L:0.153,-0.3963,-0.6104,0.0830,0.5366,0.0380,0.0599,-0.0058,0.0051,0.2010,-0.0564,0.4965,4.2374,11.2368,-5.7964,3.2259,87.97,56.3295,-24.3400,-29.1313,0.9527
hod0275,1,Singlet,2.9986,413.47,0.0467,H-L:0.816;H1-L1:0.062,-0.4671,0.6432,0.0650,0.6361,0.0493,-0.0720,-0.0040,0.0076,0.2174,-0.4483,0.0356,95.6131,44.4573,134.9944,91.6883,10.84,71.8246,203.9134,-1.6370,91.3670
hod0276,1,Singlet,2.5466,486.86,0.0186,H1-L:0.877;H2-L:0.037,-0.3743,0.3970,-0.0314,0.2986,0.0346,-0.0372,0.0062,0.0026,0.0062,-0.3071,-0.0096,38.8212,4.8117,43.7986,29.1438,42.58,1.6361,86.2082,-0.2126,29.2106
hod0277,1,Singlet,2.5262,490.79,0.0628,H1-L:0.463;H-L:0.165,-0.8432,0.5298,-0.1505,1.0142,0.0790,-0.0498,0.0116,0.0089,0.3811,0.0887,-0.1226,3.0294,105.3453,76.3122,61.5623,51.07,227.2059,-33.2395,-13.0533,60.3043
hod0278,1,Singlet,2.3087,537.03,0.0073,H-L:0.958,-0.0856,-0.3365,0.0961,0.1298,0.0063,0.0290,-0.0045,0.0009,0.0694,0.0153,0.1664,0.3588,-3.6563,4.3591,0.3539,88.66,4.1971,3.6378,-11.3061,-1.1570
hod0279,1,Singlet,2.8896,429.08,0.0189,H-L:0.722;H1-L:0.093,0.2862,0.4297,-0.0075,0.2666,-0.0300,-0.0465,0.0037,0.0031,0.1469,-0.3108,-0.2636,32.7119,-13.5153,41.1890,20.1285,67.84,-29.7254,94.4472,-1.3924,21.1098
hod0280,1,Singlet,2.3721,522.69,0.0138,H-L:0.623;H1-L:0.298,0.3759,-0.3100,0.0242,0.2379,-0.0322,0.0260,-0.0036,0.0017,-0.1660,0.2973,0.2069,25.8546,18.3951,55.7739,33.3412,41.83,44.1177,65.1603,-3.5390,35.2463
hod0281,1,Singlet,2.4139,513.62,0.007,H-L:0.926;H1-L:0.021,-0.0099,0.3304,0.0930,0.1179,0.0003,-0.0281,-0.0048,0.0008,0.2005,-0.0834,0.1205,5.9659,-4.2683,12.8515,4.8497,75.08,1.4012,19.4868,-7.9269,4.3204
hod0282,1,Singlet,2.7232,455.28,0.0102,H-L:0.589;H1-L:0.315,-0.1037,0.3752,-0.0396,0.1531,0.0106,-0.0376,0.0014,0.0015,-0.1813,-0.0727,-0.1952,11.0354,-7.7909,0.5979,1.2808,87.11,-13.2934,19.2744,-5.4612,0.1733
hod0283,1,Singlet,2.5371,488.69,0.0196,H-L:0.869;H-L1:0.037,0.4939,0.2544,0.0793,0.3149,-0.0444,-0.0235,-0.0101,0.0026,0.0020,-0.3523,0.2066,18.7960,-0.4816,27.9492,15.4212,73.04,-0.6846,63.3853,-11.5851,17.0385
hod0284,1,Singlet,2.439,508.35,0.0068,H-L:0.711;H3-L:0.073,0.0538,0.3327,0.0088,0.1136,-0.0037,-0.0309,0.0007,0.0010,0.1589,-0.4095,-0.3305,43.1508,-2.1632,52.3296,31.1057,46.26,-6.0451,96.3413,2.0560,30.7841
hod0285,1,Singlet,2.8564,434.06,0.0352,H-L:0.778;H2-L:0.148,0.1079,0.6934,0.1023,0.5029,-0.0109,-0.0706,-0.0082,0.0052,-0.1032,-0.1287,0.5038,32.0614,-11.8762,20.8341,13.6731,80.81,7.8690,63.0988,-36.4493,11.5062
hod0286,1,Singlet,2.6893,461.03,0.0152,H-L:0.848;H-L1:0.059,0.2406,0.4112,0.0546,0.2300,-0.0244,-0.0411,-0.0077,0.0023,0.0064,-0.3783,0.2765,28.8180,-15.1855,81.2573,31.6299,54.22,-1.0883,110.0046,-10.6761,32.7468
hod0287,1,Singlet,2.2978,539.58,0.0146,H-L:0.807;H2-L:0.061,0.3689,0.3521,-0.0015,0.2601,-0.0308,-0.0281,-0.0035,0.0018,-0.0889,-0.0221,-0.0862,5.7781,14.0869,10.8124,10.2258,45.96,23.1922,5.5058,-0.0895,9.5362
hod0288,1,Singlet,2.2128,560.32,0.01,H-L:0.816;H1-L:0.144,-0.2603,-0.3420,-0.0196,0.1851,0.0204,0.0287,0.0048,0.0013,-0.0340,0.3143,-0.3866,21.4817,-10.6311,45.4442,18.7649,68.62,-6.2528,76.0090,-5.3675,21.4629
hod0289,1,Singlet,2.7708,447.47,0.0061,H-L:0.825;H1-L:0.049,0.0034,-0.3005,-0.0037,0.0903,-0.0005,0.0305,0.0039,0.0009,0.0730,0.5459,-0.2306,43.2984,-4.3979,70.2691,36.3899,31.04,-0.1763,116.0110,-0.6020,38.4109
hod0290,1,Singlet,2.4253,511.2,0.0188,H1-L:0.904;H-L:0.031,0.2057,0.5197,-0.0597,0.3159,-0.0183,-0.0463,0.0016,0.0025,-0.1861,0.0156,-0.3066,5.4075,10.3228,1.5652,5.7652,83.00,27.0630,-5.7426,-12.9372,2.7944
hod0291,1,Singlet,2.7758,446.66,0.0239,H-L:0.824;H1-L:0.093,0.2273,0.5334,-0.1238,0.3515,-0.0218,-0.0551,0.0102,0.0036,-0.2964,-0.1751,-0.0850,36.2005,16.9413,52.4342,35.1920,44.41,47.6423,66.0475,-7.4418,35.4160
hod0292,1,Singlet,2.6593,466.22,0.0761,H1-L:0.676;H2-L:0.082,0.7562,0.7697,-0.0607,1.1678,-0.0741,-0.0753,0.0042,0.0112,-0.3734,0.0341,-0.5537,28.5327,88.5159,47.8894,54.9793,71.19,199.6832,-18.5635,-23.7852,52.4448
hod0293,1,Singlet,2.9429,421.29,0.0456,H-L:0.552;H1-L:0.315,-0.2821,-0.7420,0.0500,0.6326,0.0319,0.0806,-0.0020,0.0075,0.1114,0.4120,0.0816,116.0170,4.4398,118.8803,79.7790,13.74,22.2276,216.1714,-2.8854,78.5045
hod0294,1,Singlet,2.8078,441.57,0.0318,H-L:0.825;H-L1:0.03,0.5118,-0.4204,0.1537,0.4623,-0.0538,0.0437,-0.0137,0.0050,-0.2016,-0.2364,-0.1263,-33.3136,29.3807,19.2577,5.1083,84.58,72.9427,-70.2872,13.7248,5.4601
hod0295,1,Singlet,2.8805,430.42,0.012,H-L:0.897;H-L1:0.035,0.1949,-0.3619,-0.0297,0.1699,-0.0188,0.0391,0.0007,0.0019,-0.0386,0.3096,0.0964,32.4376,2.7222,51.1271,28.7623,24.41,5.3276,79.2458,2.0274,28.8669
hod0296,1,Singlet,2.8106,441.13,0.0083,H-L:0.899,-0.1182,0.3263,0.0016,0.1204,0.0125,-0.0337,-0.0035,0.0013,0.0373,-0.2414,0.0959,20.7282,-1.5688,37.4674,18.8756,29.22,3.1135,55.7042,-0.1112,19.5688
hod0297,1,Singlet,2.755,450.04,0.014,H-L:0.812;H-L1:0.079,0.1437,-0.4147,-0.1201,0.2070,-0.0141,0.0425,0.0093,0.0021,-0.1571,0.0951,-0.1334,11.4952,-2.6382,26.2186,11.6919,61.06,15.9587,27.8965,-11.3330,10.8407
hod0298,1,Singlet,2.6561,466.79,0.0254,H-L:0.402;H3-L:0.231,0.0968,0.6145,-0.0643,0.3911,-0.0117,-0.0600,0.0031,0.0037,0.1353,-0.3217,-0.1040,58.9244,-7.5308,74.7325,42.0420,38.65,-9.2624,139.7938,-4.7319,41.9332
hod0299,1,Singlet,2.6781,462.96,0.0208,H-L:0.713;H1-L:0.122,0.3696,0.4113,-0.1031,0.3164,-0.0362,-0.0406,0.0072,0.0030,0.1631,-0.3138,0.2138,35.1171,-15.2265,40.3875,20.0927,68.30,-42.6210,91.2532,15.5922,21.4081
hod0300,1,Singlet,2.8561,434.1,0.0117,H-L:0.816;H-L1:0.09,-0.1890,0.3589,-0.0502,0.1670,0.0184,-0.0373,0.0029,0.0017,-0.2878,-0.2014,0.3865,20.2692,-10.3970,12.5566,7.4762,81.21,-38.4630,51.1135,13.7164,8.7890
hod0301,1,Singlet,2.7388,452.69,0.0321,H-L:0.497;H2-L:0.184,-0.1827,-0.6645,-0.0590,0.4784,0.0175,0.0673,0.0035,0.0048,0.2214,0.3359,-0.3562,97.2757,6.3367,73.6783,59.0969,47.56,28.6088,157.8257,-14.8558,57.1929
hod0302,1,Singlet,2.72,455.82,0.0107,H-L:0.892;H-L1:0.027,-0.0692,-0.3942,0.0294,0.1610,0.0074,0.0392,0.0004,0.0016,0.1619,-0.0424,0.1590,-5.0054,3.5403,-1.3498,-0.9383,92.47,7.9266,-11.8254,-3.3072,-2.4020
hod0303,1,Singlet,2.4268,510.89,0.026,H1-L:0.873;H5-L:0.022,-0.3388,-0.5344,0.1933,0.4378,0.0300,0.0480,-0.0141,0.0034,0.1762,-0.0170,0.3877,-6.4845,-9.6882,8.3386,-2.6114,92.28,42.2118,-6.4273,-52.9865,-5.7340
hod0304,1,Singlet,2.5526,485.72,0.0164,H-L:0.788;H1-L:0.125,0.0664,0.5066,-0.0322,0.2621,-0.0070,-0.0474,-0.0010,0.0023,-0.0712,-0.1287,-0.0861,22.7472,1.6990,26.0324,16.8262,35.01,3.3411,46.1018,-1.9607,15.8274
hod0305,1,Singlet,2.6498,467.91,0.0212,H-L:0.831;H-L1:0.049,0.3892,-0.4008,0.1217,0.3270,-0.0369,0.0388,-0.0082,0.0029,0.2111,0.3284,-0.1482,30.2320,-24.2947,39.0031,14.9801,74.12,-58.0973,93.0902,12.7539,15.9156
hod0306,1,Singlet,2.5764,481.23,0.01,H-L:0.892;H3-L:0.026,-0.0573,-0.3928,-0.0338,0.1587,0.0043,0.0367,0.0022,0.0014,-0.2436,0.3664,0.1546,46.5806,-2.7157,51.1792,31.6814,42.47,-9.8751,101.7728,3.6891,31.8623
hod0307,1,Singlet,2.2635,547.75,0.0159,H-L:0.906;H1-L:0.027,-0.3718,-0.3821,0.0450,0.2863,0.0287,0.0313,-0.0014,0.0018,-0.0191,0.3464,-0.1590,37.8767,1.5230,49.9800,29.7932,49.59,-5.0201,93.6207,5.0559,31.2188
hod0308,1,Singlet,2.8075,441.62,0.0295,H-L:0.8;H1-L:0.059,0.2650,-0.5763,-0.1625,0.4288,-0.0276,0.0573,0.0133,0.0042,-0.3431,0.0243,-0.1630,7.8125,6.4616,45.2162,19.8301,69.44,64.3043,9.8838,-18.7294,18.4863
hod0309,1,Singlet,2.8479,435.36,0.0292,H-L:0.879;H-L1:0.041,-0.0528,0.6396,0.0832,0.4188,0.0066,-0.0658,-0.0053,0.0044,-0.1136,-0.1671,0.2692,29.6270,-6.9446,36.9805,19.8876,66.70,-4.2404,75.5724,-15.8460,18.4953
hod0310,1,Singlet,2.3804,520.86,0.0142,H-L:0.936,-0.0144,0.4908,-0.0549,0.2441,0.0012,-0.0411,0.0035,0.0017,-0.0641,-0.2148,-0.1601,32.7506,-4.1963,37.6331,22.0625,43.95,-0.6508,74.5332,-6.2171,22.5551
hod0311,1,Singlet,2.367,523.8,0.0064,H-L:0.936,0.0812,0.3223,0.0045,0.1105,-0.0071,-0.0277,0.0028,0.0008,0.1314,-0.4054,0.1609,46.5895,-1.3797,42.3607,29.1902,34.72,-7.5425,92.3912,-0.5118,28.1123
hod0312,1,Singlet,2.7073,457.97,0.0175,H-L:0.849;H3-L:0.049,-0.1157,-0.4995,0.0173,0.2631,0.0116,0.0479,0.0019,0.0024,0.1761,0.1100,-0.0552,16.2809,5.3373,29.5568,17.0583,47.22,14.4120,38.8444,0.6748,17.9771
hod0313,1,Singlet,2.242,553.0,0.0131,H-L:0.819;H1-L:0.115,-0.1703,0.4558,-0.0320,0.2378,0.0132,-0.0358,-0.0005,0.0015,-0.0808,-0.1719,0.0221,16.0934,-1.1946,28.6505,14.5164,45.93,-9.7322,55.4009,0.5015,15.3901
hod0314,1,Singlet,2.5677,482.86,0.0179,H-L:0.904;H1-L:0.036,0.3230,-0.4240,-0.0169,0.2844,-0.0283,0.0394,-0.0010,0.0024,0.0280,0.3577,0.1885,34.7102,1.0664,62.4046,32.7271,48.18,-6.3944,107.2560,2.2550,34.3722
hod0315,1,Singlet,2.3169,535.12,0.0187,H-L:0.916;H-L1:0.022,-0.1251,0.5601,0.0076,0.3294,0.0104,-0.0472,0.0029,0.0023,0.0005,-0.2678,0.2455,63.4267,2.2507,45.2845,36.9873,40.55,0.0484,106.0634,-1.3211,34.9303
hod0316,1,Singlet,3.0529,406.12,0.0356,H-L:0.671;H3-L:0.132,-0.4105,0.5479,-0.0810,0.4753,0.0462,-0.0603,0.0111,0.0059,0.0785,-0.2177,0.0869,64.3783,19.3528,27.9519,37.2277,21.03,22.7812,84.3556,4.9799,37.3722
hod0317,1,Singlet,2.8358,437.22,0.0121,H1-L:0.681;H-L:0.175,0.0485,-0.4037,-0.0929,0.1740,-0.0066,0.0415,0.0063,0.0018,-0.1879,0.0760,-0.0771,8.3887,-1.1984,19.2842,8.8248,64.92,6.4387,21.6967,-5.0644,7.6903
hod0318,1,Singlet,2.9211,424.45,0.0043,H-L:0.755;H1-L:0.137,-0.0613,-0.2280,-0.0679,0.0604,0.0067,0.0249,0.0038,0.0007,-0.1166,0.0301,-0.0615,-0.9947,-4.1304,3.3733,-0.5839,94.32,-5.0545,4.8528,-2.9513,-1.0510
hod0319,1,Singlet,2.8569,433.98,0.0247,H1-L:0.631;H3-L:0.217,0.1187,0.5771,-0.0756,0.3529,-0.0135,-0.0595,0.0059,0.0038,-0.2429,-0.0759,-0.3425,22.3472,-1.8020,18.2888,12.9446,77.27,20.3879,30.9810,-18.3164,11.0175
hod0320,1,Singlet,2.4719,501.57,0.006,H-L:0.946,0.2028,0.2390,-0.0161,0.0985,-0.0177,-0.0221,-0.0008,0.0008,0.0039,0.0497,-0.3077,-0.6460,-1.1476,-5.4172,-2.4036,96.03,-0.5656,-8.4068,-3.5098,-4.1607
hod0321,1,Singlet,2.3355,530.87,0.0299,H-L:0.895;H-L1:0.031,0.5125,0.5066,-0.0501,0.5219,-0.0430,-0.0413,0.0018,0.0036,-0.1036,0.0393,-0.3622,3.9173,16.9511,-2.9989,5.9565,84.49,37.5668,-14.0777,-12.8224,3.5556
hod0322,1,Singlet,2.3353,530.9,0.0079,H-L:0.907;H2-L:0.036,-0.1228,0.3492,0.0154,0.1373,0.0114,-0.0299,0.0013,0.0010,0.0785,-0.0793,0.1568,13.3351,3.7396,11.4331,9.5026,55.80,6.8115,19.5899,-1.7068,8.2316
hod0323,1,Singlet,2.4452,507.05,0.0191,H1-L:0.457;H-L:0.406,-0.1467,0.5174,-0.1719,0.3188,0.0124,-0.0470,0.0125,0.0025,-0.2056,-0.2636,-0.0617,41.2351,-17.0114,47.1749,23.7995,57.89,-21.3353,96.4380,-7.4955,22.5357
hod0324,1,Singlet,3.1623,392.07,0.0304,H-L:0.546;H-L1:0.208,-0.0558,-0.6120,0.1195,0.3920,0.0076,0.0719,-0.0106,0.0053,0.2913,0.0872,-0.0676,19.1492,2.0278,34.7157,18.6309,66.18,11.4906,37.7487,5.7147,18.3180
hod0325,1,Singlet,2.5498,486.25,0.0193,H1-L:0.82;H2-L:0.079,0.4225,0.3592,-0.0401,0.3091,-0.0404,-0.0326,0.0009,0.0027,-0.1529,0.0991,-0.3180,-7.1219,24.1851,3.0113,6.6915,81.97,45.6920,-25.1620,-9.0266,3.8345
hod0326,1,Singlet,2.5598,484.36,0.0152,H1-L:0.608;H-L:0.18,-0.4413,0.1964,-0.0958,0.2425,0.0398,-0.0196,0.0069,0.0020,-0.1364,-0.2203,0.2616,13.8759,-17.0454,8.3720,1.7342,87.60,-42.5589,30.5934,17.7231,1.9192
hod0327,1,Singlet,2.9036,426.99,0.0136,H-L:0.828;H-L1:0.085,0.0939,-0.4200,-0.0795,0.1915,-0.0116,0.0459,0.0043,0.0023,-0.2061,0.1419,-0.0609,26.3831,3.3994,27.4441,19.0755,45.17,13.6802,42.1345,-3.4254,17.4631
hod0328,1,Singlet,2.95,420.29,0.031,H1-L:0.556;H-L:0.23,-0.2264,-0.6098,0.0788,0.4293,0.0256,0.0661,-0.0056,0.0051,-0.1603,0.4714,0.0779,92.8071,-13.1643,94.1278,57.9235,41.99,-25.6631,203.2856,-4.3395,57.7610
hod0329,1,Singlet,2.8053,441.96,0.0324,H-L:0.84;H1-L:0.056,0.0367,0.6727,0.1310,0.4711,-0.0037,-0.0687,-0.0115,0.0049,-0.1927,-0.1672,0.3188,32.9929,-12.5958,38.1799,19.5257,72.55,5.0050,79.5646,-29.5422,18.3424
hod0330,1,Singlet,2.5482,486.56,0.0144,H-L:0.886;H-L1:0.028,0.0677,0.4673,0.0863,0.2304,-0.0075,-0.0436,-0.0064,0.0020,-0.1386,-0.1345,0.2777,21.0778,-5.3415,22.9373,12.8912,70.20,6.6364,44.4354,-16.9431,11.3762
hod0331,1,Singlet,2.3795,521.06,0.0173,H-L:0.829;H2-L:0.116,0.4928,-0.2256,0.0512,0.2964,-0.0419,0.0201,-0.0017,0.0022,0.0152,0.2245,0.2037,15.3053,-0.5895,13.8464,9.5207,75.51,-5.3027,35.8267,-7.3671,7.7189
hod0332,1,Singlet,2.2219,558.01,0.0096,H-L:0.876;H1-L:0.044,0.2260,0.3533,0.0276,0.1767,-0.0198,-0.0277,-0.0062,0.0012,-0.0646,-0.0748,-0.0829,7.3324,8.4447,17.7209,11.1660,30.02,10.3266,18.6899,1.6162,10.2109
hod0333,1,Singlet,2.3773,521.53,0.0217,H1-L:0.825;H2-L:0.073,0.1794,0.5828,-0.0177,0.3722,-0.0160,-0.0507,-0.0014,0.0028,0.0268,-0.2672,-0.2144,59.3714,3.4516,45.9081,36.2437,42.72,-3.3995,110.1421,-2.6781,34.6882
hod0334,1,Singlet,2.6954,459.98,0.0156,H-L:0.877;H-L1:0.04,0.1667,0.4550,-0.0452,0.2369,-0.0165,-0.0449,0.0026,0.0023,-0.1974,-0.0246,-0.2366,11.6886,5.0583,10.0228,8.9233,75.33,23.2666,7.9153,-7.5636,7.8727
hod0335,1,Singlet,2.0983,590.87,0.0117,H-L:0.898;H2-L:0.031,-0.0176,-0.4761,0.0276,0.2278,0.0019,0.0368,-0.0060,0.0014,-0.0916,0.2878,0.1832,35.1164,-6.0790,56.4761,28.5045,45.04,-1.1370,96.8864,-3.5742,30.7251
hod0336,1,Singlet,2.7467,451.39,0.0023,H-L:0.9;H-L1:0.048,0.1072,0.1520,-0.0087,0.0347,-0.0115,-0.0150,-0.0029,0.0004,-0.0897,0.0448,-0.0456,-2.0277,3.8123,1.6470,1.1439,76.54,6.8010,-4.8192,-0.2794,0.5674
hod0337,1,Singlet,2.528,490.44,0.0038,H-L:0.909;H-L1:0.021,0.0370,0.2434,-0.0098,0.0607,-0.0039,-0.0224,-0.0029,0.0005,-0.1121,-0.0166,-0.0129,0.1226,2.6639,3.6982,2.1615,70.97,2.9316,2.8639,-0.0895,1.9020
hod0338,1,Singlet,2.7614,448.99,0.0073,H-L:0.728;H-L1:0.228,-0.1684,-0.2695,0.0872,0.1086,0.0170,0.0277,-0.0048,0.0011,0.0869,-0.0239,0.2083,-1.8600,-0.5486,1.0659,-0.4476,91.48,10.3458,-4.5466,-12.8409,-2.3472
hod0339,1,Singlet,2.5345,489.18,0.0116,H1-L:0.719;H-L:0.197,0.1406,-0.4050,-0.0614,0.1876,-0.0137,0.0383,0.0021,0.0017,-0.0970,0.0133,-0.2605,2.5506,2.1648,5.1081,3.2745,83.45,9.6481,3.8137,-11.3126,0.7164
hod0340,1,Singlet,2.6998,459.24,0.0238,H-L:0.757;H-L1:0.184,0.5734,-0.1692,0.0519,0.3601,-0.0551,0.0168,-0.0076,0.0034,0.0550,0.3197,0.3283,10.0677,-8.7517,-2.4161,-0.3667,90.33,-22.2938,38.2544,-12.0397,1.3070
hod0341,1,Singlet,2.7032,458.66,0.0493,H-L:0.557;H1-L:0.278,-0.5726,0.6431,-0.0598,0.7450,0.0546,-0.0640,0.0079,0.0071,-0.0096,-0.1058,0.4583,62.2438,21.1200,-12.9198,23.4813,75.59,-3.8845,48.1310,19.3970,21.2145
hod0342,1,Singlet,2.225,557.24,0.0204,H-L:0.933,0.4502,-0.3674,-0.1911,0.3742,-0.0356,0.0293,0.0131,0.0023,-0.2812,0.1250,-0.3267,9.4821,15.7094,56.0454,27.0789,64.08,89.5026,32.4759,-44.1410,25.9459
hod0343,1,Singlet,2.2713,545.87,0.0465,H-L:0.865;H-L1:0.058,-0.3213,-0.8541,-0.0611,0.8365,0.0260,0.0695,0.0027,0.0055,0.1524,-0.0869,-0.6051,-0.2560,4.6656,-35.9711,-10.5205,94.57,34.6283,-52.5171,-26.1442,-14.6777
hod0344,1,Singlet,2.6962,459.84,0.0423,H1-L:0.329;H-L:0.309,0.7945,-0.0129,-0.0908,0.6396,-0.0770,0.0022,0.0063,0.0060,0.0278,0.4295,0.2666,2.2111,-18.9422,20.1786,1.1491,89.29,-15.5922,3.9096,17.1192,1.8122
hod0345,1,Singlet,2.4983,496.28,0.0174,H-L:0.814;H-L1:0.122,0.4835,-0.2231,0.0093,0.2837,-0.0435,0.0202,0.0019,0.0023,0.1277,0.0440,-0.1822,0.9330,-27.0250,-12.4579,-12.8499,117.35,-43.6500,6.9385,1.1928,-11.8396
hod0346,1,Singlet,2.81,441.22,0.0478,H-L:0.602;H2-L:0.177,0.8186,0.0482,0.1476,0.6942,-0.0824,-0.0050,-0.0131,0.0070,-0.1803,0.1839,0.5877,-16.0866,51.3941,7.3410,14.2162,83.33,104.3811,-6.2645,-61.3321,12.2615
hod0347,1,Singlet,2.7978,443.15,0.0224,H-L:0.871;H-L1:0.067,-0.1157,-0.5403,-0.1449,0.3264,0.0105,0.0548,0.0117,0.0032,0.2337,0.0853,-0.3824,11.8394,-7.7653,14.2078,6.0940,84.13,19.1306,32.5903,-39.1924,4.1762
hod0348,1,Singlet,2.1947,564.92,0.0083,H-L:0.918;H1-L:0.025,0.3329,0.1694,-0.1195,0.1538,-0.0266,-0.0147,0.0064,0.0010,-0.0570,0.0937,-0.2366,-7.7068,-2.7184,-1.5760,-4.0004,99.75,13.4165,-11.2182,-19.9977,-5.9331
hod0349,1,Singlet,2.5216,491.69,0.0159,H-L:0.664;H1-L:0.245,-0.0953,0.4976,-0.0153,0.2570,0.0071,-0.0456,-0.0006,0.0021,-0.2165,-0.1823,0.1014,26.6653,-4.0687,28.5496,17.0487,61.10,-14.5909,64.1445,1.0941,16.8825
hod0350,1,Singlet,2.5148,493.02,0.0145,H-L:0.774;H2-L:0.074,-0.0757,-0.4793,0.0009,0.2354,0.0075,0.0445,-0.0034,0.0020,-0.1893,0.0213,0.1639,-1.4914,-4.1028,-2.1924,-2.5956,95.14,-10.1388,7.2228,-0.0988,-1.0049
hod0351,1,Singlet,2.7422,452.14,0.0062,H-L:0.911;H-L1:0.039,-0.1746,0.2409,0.0607,0.0922,0.0152,-0.0234,-0.0082,0.0008,-0.1855,-0.2348,0.0359,20.2632,-7.8935,4.3301,5.5666,74.25,-22.9053,40.0016,-1.5403,5.1853
hod0352,1,Singlet,3.0024,412.95,0.0166,H-L:0.52;H1-L:0.196,-0.0784,0.4542,-0.1127,0.2251,0.0060,-0.0498,0.0094,0.0026,-0.2830,-0.4604,0.1682,65.3227,-1.7193,82.5608,48.7214,37.86,-15.6950,147.8820,13.4072,48.5314
hod0353,1,Singlet,2.2255,557.11,0.0101,H-L:0.891;H1-L:0.037,-0.1614,-0.3995,0.0045,0.1857,0.0134,0.0338,0.0019,0.0013,0.0516,0.0643,0.0304,11.0413,2.9514,11.2778,8.4235,24.03,5.8910,18.1620,-0.0958,7.9857
hod0354,1,Singlet,2.6782,462.93,0.013,H-L:0.654;H1-L:0.206,-0.0783,0.4256,0.1077,0.1988,0.0082,-0.0420,-0.0071,0.0019,0.2015,-0.1097,0.2564,18.2394,-2.7108,16.3282,10.6189,72.73,11.1620,33.0203,-19.5371,8.2150
hod0355,1,Singlet,2.4842,499.1,0.0178,H-L:0.92;H-L1:0.023,0.2414,-0.4715,-0.1108,0.2929,-0.0214,0.0423,0.0070,0.0023,-0.1810,0.0206,-0.2363,5.1427,1.0210,17.8075,7.9904,77.49,30.8978,6.8546,-18.5222,6.4100
hod0356,1,Singlet,2.6587,466.33,0.0119,H-L:0.875;H-L1:0.072,-0.0595,0.4122,-0.0990,0.1833,0.0057,-0.0401,0.0072,0.0017,-0.2430,-0.1371,-0.1962,15.6761,-14.1519,18.1454,6.5565,78.84,-10.2325,39.9700,-13.7292,5.3361
hod0357,1,Singlet,2.3058,537.7,0.0097,H-L:0.911,-0.3396,0.2239,0.0755,0.1711,0.0275,-0.0197,-0.0031,0.0012,-0.1060,-0.1845,-0.0531,9.5623,-10.8287,8.6974,2.4770,83.13,-25.4515,29.2127,2.8349,2.1987
hod0358,1,Singlet,2.6371,470.15,0.0235,H1-L:0.569;H-L:0.31,-0.1467,0.5596,-0.1684,0.3630,0.0134,-0.0526,0.0135,0.0031,-0.2035,-0.2336,-0.0186,35.4303,-16.8286,49.3133,22.6383,57.57,-21.1124,92.4461,-2.2125,23.0404
hod0359,1,Singlet,2.5011,495.71,0.0461,H1-L:0.489;H-L:0.42,0.4339,0.7507,0.0157,0.7521,-0.0383,-0.0677,0.0008,0.0061,-0.0640,0.0403,0.4793,21.8600,9.9711,-30.8738,0.3191,89.81,19.6345,-21.4128,-5.3322,-2.3702
hod0360,1,Singlet,2.7057,458.23,0.0119,H-L:0.678;H1-L:0.172,0.0712,-0.3886,-0.1511,0.1789,-0.0078,0.0393,0.0104,0.0017,-0.1797,0.1364,-0.1008,13.1717,-3.2878,30.7553,13.5464,56.03,9.0468,37.4839,-10.7674,11.9211
hod0361,1,Singlet,2.6133,474.44,0.0253,H-L:0.835;H1-L1:0.044,-0.2651,-0.5666,-0.0602,0.3949,0.0248,0.0545,0.0092,0.0037,0.0972,0.1779,-0.0965,31.7572,-1.6211,52.4526,27.5296,34.46,18.2159,71.2902,-4.1081,28.4660
hod0362,1,Singlet,2.4392,508.29,0.0156,H-L:0.891;H-L1:0.027,-0.4176,0.2728,-0.1080,0.2604,0.0373,-0.0238,0.0072,0.0020,0.2182,-0.0111,-0.0441,0.4498,24.4810,38.8719,21.2676,35.98,64.4311,2.1320,-3.3714,21.0639
hod0363,1,Singlet,2.074,597.8,0.013,H-L:0.926,0.2280,0.4448,0.0757,0.2556,-0.0176,-0.0331,-0.0034,0.0014,0.1067,-0.3218,0.0094,42.6638,-7.9048,46.3676,27.0422,46.74,-17.2067,101.2150,-0.5020,27.8354
hod0364,1,Singlet,2.5255,490.92,0.0281,H-L:0.812;H1-L:0.061,0.1603,0.6518,-0.0574,0.4538,-0.0147,-0.0601,0.0028,0.0038,-0.1847,-0.0111,-0.1454,10.1490,4.7190,7.7029,7.5237,78.27,20.9369,5.1213,-5.9050,6.7177
hod0365,1,Singlet,2.5561,485.06,0.0476,H-L:0.864;H-L1:0.047,0.5908,0.6366,-0.0718,0.7594,-0.0534,-0.0598,0.0036,0.0064,-0.2417,0.0852,-0.5078,-4.9558,34.2727,15.8600,15.0589,82.44,100.9632,-38.3663,-25.7828,12.2714
hod0366,1,Singlet,2.8384,436.81,0.0315,H-L:0.813;H-L1:0.046,0.6327,0.1779,0.1440,0.4527,-0.0657,-0.0187,-0.0121,0.0048,-0.1782,0.2167,0.2708,-18.8227,26.3166,22.3264,9.9401,80.64,79.7432,-27.2515,-27.5786,8.3044
hod0367,1,Singlet,2.4204,512.25,0.0138,H-L:0.947,0.4604,0.1445,-0.0249,0.2334,-0.0392,-0.0118,0.0035,0.0017,0.0889,-0.0577,0.2861,7.8133,-3.1000,-19.1792,-4.8220,98.34,-28.9439,5.8968,5.0419,-6.0018
hod0368,1,Singlet,2.4019,516.18,0.0611,H1-L:0.48;H-L:0.298,0.1185,-1.0113,0.0309,1.0377,-0.0094,0.0905,-0.0007,0.0083,-0.1450,0.1442,0.1525,74.2293,3.1426,37.3197,38.2305,51.91,12.1560,103.1546,-3.3353,37.3251
hod0369,1,Singlet,2.4383,508.49,0.0071,H-L:0.931;H-L1:0.02,0.3012,-0.1547,-0.0636,0.1187,-0.0270,0.0140,0.0025,0.0009,0.0823,0.1382,0.0041,5.2676,-9.6629,2.2437,-0.7172,93.18,-17.5344,15.1223,0.1828,-0.7431
hod0370,1,Singlet,2.5074,494.48,0.0209,H-L:0.478;H1-L:0.36,-0.2696,0.5155,0.0403,0.3400,0.0227,-0.0470,-0.0006,0.0027,0.0495,0.0027,0.2948,8.5603,4.5623,-6.7382,2.1282,86.94,9.4431,-0.9777,-8.4000,0.0218
hod0371,1,Singlet,2.3815,520.61,0.0203,H-L:0.908,0.3032,-0.5020,-0.0585,0.3474,-0.0264,0.0440,0.0018,0.0026,-0.1923,0.0958,-0.2557,18.8447,13.0438,39.4794,23.7893,59.00,41.2389,33.9905,-10.5826,21.5489
hod0372,1,Singlet,2.7713,447.39,0.0177,H1-L:0.556;H-L:0.305,0.4026,-0.3141,0.0051,0.2607,-0.0396,0.0323,-0.0033,0.0026,0.0090,0.4670,0.0723,43.8270,1.7257,54.9407,33.4978,53.28,-2.5498,103.7055,-0.2592,33.6322
hod0373,1,Singlet,2.0584,602.33,0.0065,H-L:0.922,0.2446,-0.2621,0.0264,0.1293,-0.0178,0.0199,-0.0047,0.0007,-0.2290,0.2095,0.2167,10.1072,12.8009,44.4152,22.4411,45.34,39.6100,38.8271,-4.0386,24.7995
hod0374,1,Singlet,3.0799,402.55,0.0112,H1-L:0.707;H-L:0.172,0.0667,0.3739,-0.0614,0.1480,-0.0077,-0.0434,0.0034,0.0020,-0.1772,-0.0419,-0.2544,6.5605,-0.1938,8.0923,4.8197,80.36,8.3566,11.0664,-11.0512,2.7906
hod0375,1,Singlet,2.9477,420.61,0.0178,H-L:0.839;H1-L:0.048,0.0414,0.4904,0.0660,0.2466,-0.0032,-0.0531,-0.0035,0.0028,-0.1014,-0.2866,0.0031,39.3152,1.2813,60.8537,33.8167,16.61,2.9709,99.3968,-0.1423,34.0751
hod0376,1,Singlet,2.4307,510.07,0.0166,H-L:0.907;H1-L:0.024,0.3860,-0.3555,0.0603,0.2790,-0.0322,0.0321,-0.0032,0.0021,0.1348,0.0674,-0.1945,-0.2514,-9.2334,-2.8100,-4.0983,97.96,-36.7893,16.9425,8.2932,-3.8512
hod0377,1,Singlet,2.6934,460.33,0.0369,H1-L:0.551;H-L:0.245,0.6853,-0.2927,0.0596,0.5588,-0.0678,0.0295,-0.0035,0.0055,-0.2104,-0.2644,0.1898,-23.5398,47.4871,17.4846,13.8106,78.34,101.9813,-54.7248,-7.9949,13.0872
hod0378,1,Singlet,1.8726,662.09,0.0059,H-L:0.941,0.1215,-0.3315,-0.0583,0.1280,-0.0087,0.0223,0.0007,0.0006,-0.1277,0.1013,-0.1279,11.3824,4.3750,17.9405,11.2326,48.65,10.9731,23.7431,-5.2752,9.8137
hod0379,1,Singlet,2.7861,445.01,0.0221,H-L:0.884,-0.1943,0.5316,-0.0595,0.3239,0.0185,-0.0556,0.0043,0.0034,-0.1945,-0.3767,0.4648,61.1348,-3.4317,75.9005,44.5345,58.42,-26.7313,141.6231,19.5495,44.8138
hod0380,1,Singlet,2.3922,518.3,0.0124,H-L:0.613;H1-L:0.308,-0.0556,0.4556,-0.0100,0.2108,0.0055,-0.0399,-0.0013,0.0016,-0.0808,-0.1591,-0.1614,30.0098,0.1777,19.0514,16.4130,50.88,-3.1768,51.2778,-1.1410,15.6534
hod0381,1,Singlet,2.3288,532.4,0.0163,H1-L:0.922,0.1308,0.5107,-0.0881,0.2857,-0.0115,-0.0437,0.0048,0.0021,-0.1231,-0.0269,-0.2603,6.5738,-0.9594,5.3701,3.6615,84.20,11.3870,9.7276,-16.2188,1.6320
hod0382,1,Singlet,2.7162,456.47,0.0203,H-L:0.658;H1-L:0.266,-0.1655,0.5232,-0.0661,0.3055,0.0144,-0.0519,0.0041,0.0029,-0.1750,-0.2376,0.0018,31.9072,-7.6332,45.2444,23.1728,51.99,-20.4800,87.8954,0.0838,22.4997
hod0383,1,Singlet,2.3209,534.21,0.0152,H-L:0.9;H-L1:0.05,-0.1059,-0.5056,-0.0071,0.2669,0.0069,0.0425,0.0026,0.0019,-0.0534,0.3672,0.1326,59.1081,1.8303,68.4058,43.1147,23.54,-3.9963,131.2967,0.6698,42.6567
hod0384,1,Singlet,2.4009,516.4,0.0358,H1-L:0.409;H-L:0.394,-0.5824,-0.4929,-0.1651,0.6093,0.0508,0.0425,0.0118,0.0045,-0.1486,0.5090,-0.0036,63.6886,-28.4565,77.1316,37.4546,66.84,-61.1858,177.3989,-0.4190,38.5980
hod0385,1,Singlet,2.8541,434.41,0.0376,H-L:0.638;H3-L:0.121,-0.0757,0.7236,0.0882,0.5372,0.0073,-0.0755,-0.0062,0.0058,-0.0318,-0.2429,-0.0814,54.5533,1.7466,69.1310,41.8103,18.67,-1.6998,124.2965,5.0748,42.5572
hod0386,1,Singlet,2.4177,512.82,0.0247,H-L:0.766;H1-L:0.091,-0.0869,-0.6351,-0.0791,0.4172,0.0070,0.0578,0.0047,0.0034,-0.2121,0.1720,0.1661,41.9783,-3.9379,35.5492,24.5298,60.30,-13.0262,77.2702,9.2932,24.5124
hod0387,1,Singlet,2.2636,547.72,0.0176,H-L:0.939,0.5041,0.2304,-0.1049,0.3182,-0.0404,-0.0201,0.0057,0.0021,-0.0714,0.1574,-0.3528,-12.4595,1.9762,-9.1990,-6.5608,97.45,25.4561,-25.6481,-26.1840,-8.7920
hod0388,1,Singlet,2.1822,568.16,0.0201,H-L:0.742;H1-L:0.136,-0.2304,-0.5636,0.0677,0.3753,0.0181,0.0444,-0.0039,0.0023,0.1355,0.0666,0.2614,19.8987,2.5235,16.3123,12.9115,72.39,22.0886,26.5487,-12.5162,12.0404
hod0389,1,Singlet,2.8548,434.3,0.0375,H-L:0.798;H-L1:0.056,-0.1637,-0.6899,-0.1838,0.5366,0.0167,0.0717,0.0166,0.0057,0.2319,0.2679,-0.1321,57.7075,8.8463,74.1556,46.9031,42.98,26.8490,130.6900,-17.1717,46.7891
hod0390,1,Singlet,2.7819,445.69,0.033,H-L:0.459;H3-L:0.31,-0.5574,-0.3729,0.1850,0.4839,0.0554,0.0390,-0.0166,0.0049,-0.1187,0.4081,-0.5301,56.6715,9.7614,59.0576,41.8302,67.50,-46.7910,107.6261,69.3686,43.4012
hod0391,1,Singlet,2.7746,446.85,0.0142,H1-L:0.817;H2-L:0.055,0.3268,-0.3010,-0.1062,0.2086,-0.0318,0.0315,0.0081,0.0021,0.1432,0.2050,-0.0202,15.5210,-19.5580,16.0803,4.0145,81.25,-33.0813,43.6356,-1.5151,3.0131
hod0392,1,Singlet,2.621,473.05,0.0454,H-L:0.773;H1-L:0.1,-0.7384,-0.4021,0.0198,0.7072,0.0697,0.0388,0.0002,0.0064,-0.1105,0.5974,-0.4072,65.8644,-19.2087,66.4535,37.7031,74.69,-57.6849,169.8518,5.6934,39.2868
hod0393,1,Singlet,2.3494,527.73,0.0206,H-L:0.872;H1-L:0.072,0.2620,0.5366,0.0210,0.3571,-0.0218,-0.0459,-0.0037,0.0026,-0.0321,0.0313,-0.4328,14.5954,8.1753,-15.5544,2.4055,87.72,5.9476,-11.8822,6.4385,0.1680
hod0394,1,Singlet,2.6176,473.66,0.0142,H-L:0.547;H1-L:0.257,-0.0196,0.4685,-0.0377,0.2213,0.0024,-0.0437,-0.0001,0.0019,0.0962,-0.0903,-0.2380,25.2677,0.7892,4.7616,10.2729,69.41,1.3331,29.9139,-6.3465,8.3002
hod0395,1,Singlet,2.5085,494.25,0.0097,H-L:0.874;H1-L:0.07,-0.3147,0.1974,-0.1397,0.1575,0.0282,-0.0164,0.0136,0.0012,0.1841,-0.3626,-0.0703,20.3292,20.1842,37.5599,26.0245,45.77,40.9738,50.6095,-6.9448,28.2128
hod0396,1,Singlet,2.1028,589.61,0.0129,H-L:0.795;H2-L:0.125,-0.0483,0.4858,-0.1130,0.2511,0.0026,-0.0371,0.0066,0.0014,-0.1756,-0.3789,-0.1242,59.0350,-10.1620,67.9185,38.9305,39.09,-6.0018,130.1733,-9.9211,38.0834
hod0397,1,Singlet,2.747,451.35,0.0171,H-L:0.48;H3-L:0.238,-0.5009,-0.0582,0.0184,0.2546,0.0495,0.0061,-0.0014,0.0025,-0.0646,0.1570,0.6130,-0.0086,1.4949,-23.1046,-7.2061,95.58,-22.8654,6.4605,-7.9809,-8.1286
hod0398,1,Singlet,2.7437,451.88,0.0222,H-L:0.727;H2-L:0.204,0.3928,0.4062,-0.1027,0.3298,-0.0386,-0.0390,0.0079,0.0031,-0.1594,0.1054,-0.4208,-7.1413,9.8160,-11.7626,-3.0293,92.90,44.2788,-30.2715,-30.5479,-5.5135
hod0399,1,Singlet,2.3762,521.78,0.0054,H-L:0.809;H1-L:0.055,0.2029,0.2192,0.0614,0.0930,-0.0178,-0.0186,-0.0088,0.0007,-0.1317,-0.0141,-0.1047,4.6736,13.6642,10.2052,9.5143,39.83,18.8953,2.1778,4.5448,8.5393
hod0400,1,Singlet,2.215,559.75,0.0183,H-L:0.931,0.0988,-0.5669,0.0765,0.3370,-0.0071,0.0459,-0.0083,0.0022,-0.0145,0.2827,-0.0396,46.6133,3.1947,66.6839,38.8306,6.15,1.0151,113.3396,2.1411,38.8319
hod0401,1,Singlet,2.6502,467.82,0.0083,H-L:0.852;H-L1:0.032,-0.3432,0.0880,-0.0424,0.1273,0.0341,-0.0087,0.0005,0.0012,0.0198,0.1438,-0.1632,-3.8763,4.1827,-5.1086,-1.6007,94.93,4.7974,-8.9453,-4.8943,-3.0141
